BaseCharacter,Character,Rank,StatType,StatGain
나기사,나기사,2,atk,3
나기사,나기사,6,atk,4
나기사,나기사,11,atk,6
나기사,나기사,16,atk,7
나기사,나기사,21,atk,2
나기사,나기사,31,atk,2
나기사,나기사,41,atk,3
나기사,나기사,11,healing,12
나기사,나기사,16,healing,15
나기사,나기사,21,healing,3
나기사,나기사,31,healing,4
나기사,나기사,41,healing,6
나기사,나기사(수영복),2,atk,2
나기사,나기사(수영복),6,atk,4
나기사,나기사(수영복),11,atk,5
나기사,나기사(수영복),16,atk,6
나기사,나기사(수영복),21,atk,1
나기사,나기사(수영복),31,atk,2
나기사,나기사(수영복),41,atk,4
나기사,나기사(수영복),11,hp,55
나기사,나기사(수영복),16,hp,66
나기사,나기사(수영복),21,hp,11
나기사,나기사(수영복),31,hp,17
나기사,나기사(수영복),41,hp,28
나츠,나츠,2,hp,42
나츠,나츠,6,hp,63
나츠,나츠,11,hp,85
나츠,나츠,16,hp,106
나츠,나츠,21,hp,27
나츠,나츠,31,hp,41
나츠,나츠,41,hp,68
나츠,나츠,11,atk,3
나츠,나츠,16,atk,4
나츠,나츠,21,atk,1
나츠,나츠,31,atk,1
나츠,나츠,41,atk,2
나츠,나츠(밴드),2,hp,6
나츠,나츠(밴드),6,healing,10
나츠,나츠(밴드),11,healing,13
나츠,나츠(밴드),16,healing,16
나츠,나츠(밴드),21,healing,4
나츠,나츠(밴드),31,healing,6
나츠,나츠(밴드),41,healing,10
나츠,나츠(밴드),11,hp,85
나츠,나츠(밴드),16,hp,102
나츠,나츠(밴드),21,hp,17
나츠,나츠(밴드),31,hp,25
나츠,나츠(밴드),41,hp,42
네루,네루,2,atk,2
네루,네루,6,atk,3
네루,네루,11,atk,4
네루,네루,16,atk,5
네루,네루,21,atk,1
네루,네루,31,atk,2
네루,네루,41,atk,3
네루,네루,11,hp,78
네루,네루,16,hp,93
네루,네루,21,hp,16
네루,네루,31,hp,24
네루,네루,41,hp,41
네루,네루(교복),2,atk,3
네루,네루(교복),6,atk,5
네루,네루(교복),11,atk,6
네루,네루(교복),16,atk,8
네루,네루(교복),21,atk,2
네루,네루(교복),31,atk,3
네루,네루(교복),41,atk,5
네루,네루(교복),11,hp,64
네루,네루(교복),16,hp,77
네루,네루(교복),21,hp,13
네루,네루(교복),31,hp,19
네루,네루(교복),41,hp,32
네루,네루(바니걸),2,atk,2
네루,네루(바니걸),6,atk,4
네루,네루(바니걸),11,atk,5
네루,네루(바니걸),16,atk,6
네루,네루(바니걸),21,atk,1
네루,네루(바니걸),31,atk,2
네루,네루(바니걸),41,atk,3
네루,네루(바니걸),11,hp,78
네루,네루(바니걸),16,hp,93
네루,네루(바니걸),21,hp,20
네루,네루(바니걸),31,hp,29
네루,네루(바니걸),41,hp,49
노노미,노노미,2,atk,3
노노미,노노미,6,atk,4
노노미,노노미,11,atk,5
노노미,노노미,16,atk,7
노노미,노노미,21,atk,2
노노미,노노미,31,atk,3
노노미,노노미,41,atk,4
노노미,노노미,11,hp,49
노노미,노노미,16,hp,59
노노미,노노미,21,hp,10
노노미,노노미,31,hp,15
노노미,노노미,41,hp,26
노노미,노노미(수영복),2,atk,3
노노미,노노미(수영복),6,atk,4
노노미,노노미(수영복),11,atk,5
노노미,노노미(수영복),16,atk,7
노노미,노노미(수영복),21,atk,2
노노미,노노미(수영복),31,atk,3
노노미,노노미(수영복),41,atk,4
노노미,노노미(수영복),11,hp,48
노노미,노노미(수영복),16,hp,58
노노미,노노미(수영복),21,hp,10
노노미,노노미(수영복),31,hp,15
노노미,노노미(수영복),41,hp,25
노도카,노도카,2,atk,2
노도카,노도카,6,atk,2
노도카,노도카,11,atk,3
노도카,노도카,16,atk,4
노도카,노도카,21,atk,1
노도카,노도카,31,atk,2
노도카,노도카,41,atk,3
노도카,노도카,11,hp,43
노도카,노도카,16,hp,51
노도카,노도카,21,hp,9
노도카,노도카,31,hp,13
노도카,노도카,41,hp,22
노도카,노도카(온천),2,healing,8
노도카,노도카(온천),6,healing,12
노도카,노도카(온천),11,healing,16
노도카,노도카(온천),16,healing,20
노도카,노도카(온천),21,healing,5
노도카,노도카(온천),31,healing,8
노도카,노도카(온천),41,healing,13
노도카,노도카(온천),11,hp,43
노도카,노도카(온천),16,hp,51
노도카,노도카(온천),21,hp,9
노도카,노도카(온천),31,hp,13
노도카,노도카(온천),41,hp,22
노아,노아,2,atk,1
노아,노아,6,atk,2
노아,노아,11,atk,2
노아,노아,16,atk,3
노아,노아,21,atk,1
노아,노아,31,atk,1
노아,노아,41,atk,2
노아,노아,11,hp,65
노아,노아,16,hp,78
노아,노아,21,hp,14
노아,노아,31,hp,20
노아,노아,41,hp,34
노아,노아(파자마),2,atk,1
노아,노아(파자마),6,atk,2
노아,노아(파자마),11,atk,3
노아,노아(파자마),16,atk,4
노아,노아(파자마),21,atk,1
노아,노아(파자마),31,atk,1
노아,노아(파자마),41,atk,2
노아,노아(파자마),11,hp,62
노아,노아(파자마),16,hp,75
노아,노아(파자마),21,hp,12
노아,노아(파자마),31,hp,18
노아,노아(파자마),41,hp,31
레이사,레이사,2,hp,46
레이사,레이사,6,hp,68
레이사,레이사,11,hp,91
레이사,레이사,16,hp,114
레이사,레이사,21,hp,29
레이사,레이사,31,hp,44
레이사,레이사,41,hp,74
레이사,레이사,11,healing,12
레이사,레이사,16,healing,14
레이사,레이사,21,healing,2
레이사,레이사,31,healing,4
레이사,레이사,41,healing,6
레이사,레이사(매지컬),2,healing,8
레이사,레이사(매지컬),6,healing,12
레이사,레이사(매지컬),11,healing,15
레이사,레이사(매지컬),16,healing,19
레이사,레이사(매지컬),21,healing,5
레이사,레이사(매지컬),31,healing,7
레이사,레이사(매지컬),41,healing,12
레이사,레이사(매지컬),11,hp,55
레이사,레이사(매지컬),16,hp,65
레이사,레이사(매지컬),21,hp,11
레이사,레이사(매지컬),31,hp,16
레이사,레이사(매지컬),41,hp,27
렌게,렌게,2,atk,3
렌게,렌게,6,atk,5
렌게,렌게,11,atk,6
렌게,렌게,16,atk,8
렌게,렌게,21,atk,2
렌게,렌게,31,atk,3
렌게,렌게,41,atk,5
렌게,렌게,11,hp,48
렌게,렌게,16,hp,58
렌게,렌게,21,hp,10
렌게,렌게,31,hp,14
렌게,렌게,41,hp,24
렌게,렌게(수영복),2,atk,3
렌게,렌게(수영복),6,atk,5
렌게,렌게(수영복),11,atk,6
렌게,렌게(수영복),16,atk,8
렌게,렌게(수영복),21,atk,2
렌게,렌게(수영복),31,atk,3
렌게,렌게(수영복),41,atk,5
렌게,렌게(수영복),11,hp,48
렌게,렌게(수영복),16,hp,58
렌게,렌게(수영복),21,hp,10
렌게,렌게(수영복),31,hp,14
렌게,렌게(수영복),41,hp,24
리오,리오,2,atk,2
리오,리오,6,atk,3
리오,리오,11,atk,4
리오,리오,16,atk,5
리오,리오,21,atk,1
리오,리오,31,atk,2
리오,리오,41,atk,3
리오,리오,11,hp,61
리오,리오,16,hp,73
리오,리오,21,hp,12
리오,리오,31,hp,18
리오,리오,41,hp,30
리오,리오(무장),2,atk,2
리오,리오(무장),6,atk,3
리오,리오(무장),11,atk,4
리오,리오(무장),16,atk,5
리오,리오(무장),21,atk,1
리오,리오(무장),31,atk,2
리오,리오(무장),41,atk,3
리오,리오(무장),11,hp,64
리오,리오(무장),16,hp,77
리오,리오(무장),21,hp,13
리오,리오(무장),31,hp,19
리오,리오(무장),41,hp,32
마리,마리,2,healing,5
마리,마리,6,healing,8
마리,마리,11,healing,10
마리,마리,16,healing,13
마리,마리,21,healing,3
마리,마리,31,healing,5
마리,마리,41,healing,8
마리,마리,11,hp,40
마리,마리,16,hp,48
마리,마리,21,hp,8
마리,마리,31,hp,13
마리,마리,41,hp,21
마리,마리(아이돌),2,healing,7
마리,마리(아이돌),6,healing,10
마리,마리(아이돌),11,healing,14
마리,마리(아이돌),16,healing,17
마리,마리(아이돌),21,healing,4
마리,마리(아이돌),31,healing,7
마리,마리(아이돌),41,healing,11
마리,마리(아이돌),11,hp,65
마리,마리(아이돌),16,hp,78
마리,마리(아이돌),21,hp,14
마리,마리(아이돌),31,hp,20
마리,마리(아이돌),41,hp,34
마리,마리(체육복),2,healing,7
마리,마리(체육복),6,healing,10
마리,마리(체육복),11,healing,14
마리,마리(체육복),16,healing,17
마리,마리(체육복),21,healing,4
마리,마리(체육복),31,healing,6
마리,마리(체육복),41,healing,10
마리,마리(체육복),11,hp,65
마리,마리(체육복),16,hp,79
마리,마리(체육복),21,hp,13
마리,마리(체육복),31,hp,19
마리,마리(체육복),41,hp,32
마리나,마리나,2,hp,45
마리나,마리나,6,hp,68
마리나,마리나,11,hp,91
마리나,마리나,16,hp,113
마리나,마리나,21,hp,29
마리나,마리나,31,hp,44
마리나,마리나,41,hp,73
마리나,마리나,11,atk,3
마리나,마리나,16,atk,4
마리나,마리나,21,atk,1
마리나,마리나,31,atk,1
마리나,마리나,41,atk,2
마리나,마리나(치파오),2,atk,3
마리나,마리나(치파오),6,atk,4
마리나,마리나(치파오),11,atk,5
마리나,마리나(치파오),16,atk,7
마리나,마리나(치파오),21,atk,2
마리나,마리나(치파오),31,atk,2
마리나,마리나(치파오),41,atk,4
마리나,마리나(치파오),11,hp,79
마리나,마리나(치파오),16,hp,95
마리나,마리나(치파오),21,hp,16
마리나,마리나(치파오),31,hp,23
마리나,마리나(치파오),41,hp,39
마시로,마시로,2,atk,3
마시로,마시로,6,atk,4
마시로,마시로,11,atk,6
마시로,마시로,16,atk,7
마시로,마시로,21,atk,2
마시로,마시로,31,atk,3
마시로,마시로,41,atk,5
마시로,마시로,11,hp,53
마시로,마시로,16,hp,63
마시로,마시로,21,hp,11
마시로,마시로,31,hp,17
마시로,마시로,41,hp,28
마시로,마시로(수영복),2,atk,3
마시로,마시로(수영복),6,atk,5
마시로,마시로(수영복),11,atk,6
마시로,마시로(수영복),16,atk,8
마시로,마시로(수영복),21,atk,2
마시로,마시로(수영복),31,atk,3
마시로,마시로(수영복),41,atk,5
마시로,마시로(수영복),11,hp,37
마시로,마시로(수영복),16,hp,45
마시로,마시로(수영복),21,hp,8
마시로,마시로(수영복),31,hp,12
마시로,마시로(수영복),41,hp,20
마키,마키,2,atk,2
마키,마키,6,atk,3
마키,마키,11,atk,5
마키,마키,16,atk,6
마키,마키,21,atk,1
마키,마키,31,atk,2
마키,마키,41,atk,4
마키,마키,11,hp,50
마키,마키,16,hp,60
마키,마키,21,hp,10
마키,마키,31,hp,16
마키,마키,41,hp,26
마키,마키(캠핑),2,atk,3
마키,마키(캠핑),6,atk,5
마키,마키(캠핑),11,atk,6
마키,마키(캠핑),16,atk,8
마키,마키(캠핑),21,atk,2
마키,마키(캠핑),31,atk,3
마키,마키(캠핑),41,atk,5
마키,마키(캠핑),11,hp,37
마키,마키(캠핑),16,hp,44
마키,마키(캠핑),21,hp,7
마키,마키(캠핑),31,hp,11
마키,마키(캠핑),41,hp,18
모모이,모모이,2,atk,2
모모이,모모이,6,atk,3
모모이,모모이,11,atk,4
모모이,모모이,16,atk,5
모모이,모모이,21,atk,1
모모이,모모이,31,atk,2
모모이,모모이,41,atk,3
모모이,모모이,11,hp,60
모모이,모모이,16,hp,72
모모이,모모이,21,hp,12
모모이,모모이,31,hp,18
모모이,모모이,41,hp,30
모모이,모모이(메이드),2,atk,2
모모이,모모이(메이드),6,atk,3
모모이,모모이(메이드),11,atk,4
모모이,모모이(메이드),16,atk,5
모모이,모모이(메이드),21,atk,1
모모이,모모이(메이드),31,atk,2
모모이,모모이(메이드),41,atk,3
모모이,모모이(메이드),11,hp,56
모모이,모모이(메이드),16,hp,67
모모이,모모이(메이드),21,hp,11
모모이,모모이(메이드),31,hp,17
모모이,모모이(메이드),41,hp,28
모에,모에,2,atk,2
모에,모에,6,atk,3
모에,모에,11,atk,4
모에,모에,16,atk,5
모에,모에,21,atk,1
모에,모에,31,atk,2
모에,모에,41,atk,3
모에,모에,11,hp,42
모에,모에,16,hp,50
모에,모에,21,hp,9
모에,모에,31,hp,13
모에,모에,41,hp,22
모에,모에(수영복),2,atk,2
모에,모에(수영복),6,atk,3
모에,모에(수영복),11,atk,5
모에,모에(수영복),16,atk,6
모에,모에(수영복),21,atk,1
모에,모에(수영복),31,atk,2
모에,모에(수영복),41,atk,4
모에,모에(수영복),11,hp,60
모에,모에(수영복),16,hp,72
모에,모에(수영복),21,hp,12
모에,모에(수영복),31,hp,18
모에,모에(수영복),41,hp,30
무츠키,무츠키,2,atk,2
무츠키,무츠키,6,atk,3
무츠키,무츠키,11,atk,4
무츠키,무츠키,16,atk,5
무츠키,무츠키,21,atk,1
무츠키,무츠키,31,atk,2
무츠키,무츠키,41,atk,3
무츠키,무츠키,11,hp,49
무츠키,무츠키,16,hp,59
무츠키,무츠키,21,hp,10
무츠키,무츠키,31,hp,15
무츠키,무츠키,41,hp,26
무츠키,무츠키(새해),2,atk,3
무츠키,무츠키(새해),6,atk,4
무츠키,무츠키(새해),11,atk,6
무츠키,무츠키(새해),16,atk,7
무츠키,무츠키(새해),21,atk,2
무츠키,무츠키(새해),31,atk,3
무츠키,무츠키(새해),41,atk,5
무츠키,무츠키(새해),11,hp,49
무츠키,무츠키(새해),16,hp,59
무츠키,무츠키(새해),21,hp,10
무츠키,무츠키(새해),31,hp,15
무츠키,무츠키(새해),41,hp,26
미네,미네,2,def,1
미네,미네,6,def,1
미네,미네,11,def,2
미네,미네,16,def,2
미네,미네,21,def,1
미네,미네,31,def,1
미네,미네,41,def,1
미네,미네,11,hp,114
미네,미네,16,hp,137
미네,미네,21,hp,24
미네,미네,31,hp,36
미네,미네,41,hp,60
미네,미네(아이돌),2,hp,50
미네,미네(아이돌),6,hp,75
미네,미네(아이돌),11,hp,100
미네,미네(아이돌),16,hp,124
미네,미네(아이돌),21,hp,31
미네,미네(아이돌),31,hp,46
미네,미네(아이돌),41,hp,76
미네,미네(아이돌),11,atk,5
미네,미네(아이돌),16,atk,6
미네,미네(아이돌),21,atk,1
미네,미네(아이돌),31,atk,2
미네,미네(아이돌),41,atk,2
미도리,미도리,2,atk,3
미도리,미도리,6,atk,5
미도리,미도리,11,atk,6
미도리,미도리,16,atk,8
미도리,미도리,21,atk,2
미도리,미도리,31,atk,3
미도리,미도리,41,atk,5
미도리,미도리,11,hp,45
미도리,미도리,16,hp,55
미도리,미도리,21,hp,10
미도리,미도리,31,hp,15
미도리,미도리,41,hp,25
미도리,미도리(메이드),2,atk,2
미도리,미도리(메이드),6,atk,3
미도리,미도리(메이드),11,atk,4
미도리,미도리(메이드),16,atk,5
미도리,미도리(메이드),21,atk,1
미도리,미도리(메이드),31,atk,2
미도리,미도리(메이드),41,atk,3
미도리,미도리(메이드),11,hp,49
미도리,미도리(메이드),16,hp,58
미도리,미도리(메이드),21,hp,10
미도리,미도리(메이드),31,hp,14
미도리,미도리(메이드),41,hp,24
미모리,미모리,2,healing,4
미모리,미모리,6,healing,7
미모리,미모리,11,healing,9
미모리,미모리,16,healing,11
미모리,미모리,21,healing,3
미모리,미모리,31,healing,4
미모리,미모리,41,healing,7
미모리,미모리,11,hp,62
미모리,미모리,16,hp,74
미모리,미모리,21,hp,13
미모리,미모리,31,hp,19
미모리,미모리,41,hp,32
미모리,미모리(수영복),2,healing,5
미모리,미모리(수영복),6,healing,8
미모리,미모리(수영복),11,healing,11
미모리,미모리(수영복),16,healing,13
미모리,미모리(수영복),21,healing,3
미모리,미모리(수영복),31,healing,5
미모리,미모리(수영복),41,healing,8
미모리,미모리(수영복),11,hp,53
미모리,미모리(수영복),16,hp,64
미모리,미모리(수영복),21,hp,11
미모리,미모리(수영복),31,hp,16
미모리,미모리(수영복),41,hp,26
미사키,미사키,2,atk,5
미사키,미사키,6,atk,8
미사키,미사키,11,atk,11
미사키,미사키,16,atk,14
미사키,미사키,21,atk,4
미사키,미사키,31,atk,5
미사키,미사키,41,atk,9
미사키,미사키,11,hp,43
미사키,미사키,16,hp,51
미사키,미사키,21,hp,9
미사키,미사키,31,hp,13
미사키,미사키,41,hp,22
미사키,미사키(수영복),2,atk,3
미사키,미사키(수영복),6,atk,5
미사키,미사키(수영복),11,atk,6
미사키,미사키(수영복),16,atk,8
미사키,미사키(수영복),21,atk,2
미사키,미사키(수영복),31,atk,3
미사키,미사키(수영복),41,atk,5
미사키,미사키(수영복),11,hp,35
미사키,미사키(수영복),16,hp,42
미사키,미사키(수영복),21,hp,7
미사키,미사키(수영복),31,hp,10
미사키,미사키(수영복),41,hp,17
미야코,미야코,2,atk,1
미야코,미야코,6,atk,2
미야코,미야코,11,atk,2
미야코,미야코,16,atk,3
미야코,미야코,21,atk,1
미야코,미야코,31,atk,1
미야코,미야코,41,atk,2
미야코,미야코,11,hp,127
미야코,미야코,16,hp,153
미야코,미야코,21,hp,27
미야코,미야코,31,hp,40
미야코,미야코,41,hp,67
미야코,미야코(수영복),2,hp,48
미야코,미야코(수영복),6,hp,72
미야코,미야코(수영복),11,hp,96
미야코,미야코(수영복),16,hp,120
미야코,미야코(수영복),21,hp,29
미야코,미야코(수영복),31,hp,44
미야코,미야코(수영복),41,hp,73
미야코,미야코(수영복),11,atk,4
미야코,미야코(수영복),16,atk,5
미야코,미야코(수영복),21,atk,1
미야코,미야코(수영복),31,atk,1
미야코,미야코(수영복),41,atk,2
미유,미유,2,atk,3
미유,미유,6,atk,4
미유,미유,11,atk,5
미유,미유,16,atk,6
미유,미유,21,atk,2
미유,미유,31,atk,2
미유,미유,41,atk,4
미유,미유,11,hp,47
미유,미유,16,hp,56
미유,미유,21,hp,10
미유,미유,31,hp,15
미유,미유,41,hp,24
미유,미유(수영복),2,atk,2
미유,미유(수영복),6,atk,3
미유,미유(수영복),11,atk,5
미유,미유(수영복),16,atk,6
미유,미유(수영복),21,atk,1
미유,미유(수영복),31,atk,2
미유,미유(수영복),41,atk,4
미유,미유(수영복),11,hp,58
미유,미유(수영복),16,hp,69
미유,미유(수영복),21,hp,11
미유,미유(수영복),31,hp,17
미유,미유(수영복),41,hp,29
미치루,미치루,2,atk,3
미치루,미치루,6,atk,4
미치루,미치루,11,atk,6
미치루,미치루,16,atk,7
미치루,미치루,21,atk,2
미치루,미치루,31,atk,3
미치루,미치루,41,atk,5
미치루,미치루,11,hp,77
미치루,미치루,16,hp,93
미치루,미치루,21,hp,16
미치루,미치루,31,hp,24
미치루,미치루,41,hp,40
미치루,미치루(드레스),2,healing,8
미치루,미치루(드레스),6,healing,12
미치루,미치루(드레스),11,healing,15
미치루,미치루(드레스),16,healing,19
미치루,미치루(드레스),21,healing,5
미치루,미치루(드레스),31,healing,7
미치루,미치루(드레스),41,healing,12
미치루,미치루(드레스),11,hp,55
미치루,미치루(드레스),16,hp,66
미치루,미치루(드레스),21,hp,7
미치루,미치루(드레스),31,hp,11
미치루,미치루(드레스),41,hp,18
미카,미카,2,atk,3
미카,미카,6,atk,4
미카,미카,11,atk,5
미카,미카,16,atk,7
미카,미카,21,atk,2
미카,미카,31,atk,3
미카,미카,41,atk,4
미카,미카,11,hp,85
미카,미카,16,hp,105
미카,미카,21,hp,18
미카,미카,31,hp,27
미카,미카,41,hp,44
미카,미카(수영복),2,atk,3
미카,미카(수영복),6,atk,5
미카,미카(수영복),11,atk,7
미카,미카(수영복),16,atk,8
미카,미카(수영복),21,atk,2
미카,미카(수영복),31,atk,3
미카,미카(수영복),41,atk,5
미카,미카(수영복),11,hp,67
미카,미카(수영복),16,hp,81
미카,미카(수영복),21,hp,14
미카,미카(수영복),31,hp,20
미카,미카(수영복),41,hp,34
사야,사야,2,atk,2
사야,사야,6,atk,3
사야,사야,11,atk,4
사야,사야,16,atk,5
사야,사야,21,atk,1
사야,사야,31,atk,2
사야,사야,41,atk,3
사야,사야,11,hp,43
사야,사야,16,hp,51
사야,사야,21,hp,9
사야,사야,31,hp,13
사야,사야,41,hp,22
사야,사야(사복),2,atk,2
사야,사야(사복),6,atk,3
사야,사야(사복),11,atk,4
사야,사야(사복),16,atk,5
사야,사야(사복),21,atk,1
사야,사야(사복),31,atk,2
사야,사야(사복),41,atk,3
사야,사야(사복),11,hp,40
사야,사야(사복),16,hp,48
사야,사야(사복),21,hp,8
사야,사야(사복),31,hp,13
사야,사야(사복),41,hp,21
사오리,사오리,2,atk,2
사오리,사오리,6,atk,3
사오리,사오리,11,atk,4
사오리,사오리,16,atk,5
사오리,사오리,21,atk,1
사오리,사오리,31,atk,2
사오리,사오리,41,atk,3
사오리,사오리,11,hp,55
사오리,사오리,16,hp,66
사오리,사오리,21,hp,12
사오리,사오리,31,hp,17
사오리,사오리,41,hp,29
사오리,사오리(드레스),2,atk,2
사오리,사오리(드레스),6,atk,4
사오리,사오리(드레스),11,atk,5
사오리,사오리(드레스),16,atk,7
사오리,사오리(드레스),21,atk,1
사오리,사오리(드레스),31,atk,2
사오리,사오리(드레스),41,atk,4
사오리,사오리(드레스),11,hp,55
사오리,사오리(드레스),16,hp,66
사오리,사오리(드레스),21,hp,11
사오리,사오리(드레스),31,hp,16
사오리,사오리(드레스),41,hp,27
사오리,사오리(수영복),2,atk,2
사오리,사오리(수영복),6,atk,4
사오리,사오리(수영복),11,atk,5
사오리,사오리(수영복),16,atk,6
사오리,사오리(수영복),21,atk,1
사오리,사오리(수영복),31,atk,2
사오리,사오리(수영복),41,atk,4
사오리,사오리(수영복),11,hp,54
사오리,사오리(수영복),16,hp,64
사오리,사오리(수영복),21,hp,11
사오리,사오리(수영복),31,hp,16
사오리,사오리(수영복),41,hp,27
사쿠라코,사쿠라코,2,atk,3
사쿠라코,사쿠라코,6,atk,4
사쿠라코,사쿠라코,11,atk,5
사쿠라코,사쿠라코,16,atk,7
사쿠라코,사쿠라코,21,atk,2
사쿠라코,사쿠라코,31,atk,3
사쿠라코,사쿠라코,41,atk,4
사쿠라코,사쿠라코,11,hp,56
사쿠라코,사쿠라코,16,hp,67
사쿠라코,사쿠라코,21,hp,12
사쿠라코,사쿠라코,31,hp,18
사쿠라코,사쿠라코,41,hp,29
사쿠라코,사쿠라코(아이돌),2,atk,3
사쿠라코,사쿠라코(아이돌),6,atk,4
사쿠라코,사쿠라코(아이돌),11,atk,5
사쿠라코,사쿠라코(아이돌),16,atk,7
사쿠라코,사쿠라코(아이돌),21,atk,2
사쿠라코,사쿠라코(아이돌),31,atk,2
사쿠라코,사쿠라코(아이돌),41,atk,4
사쿠라코,사쿠라코(아이돌),11,hp,56
사쿠라코,사쿠라코(아이돌),16,hp,67
사쿠라코,사쿠라코(아이돌),21,hp,11
사쿠라코,사쿠라코(아이돌),31,hp,17
사쿠라코,사쿠라코(아이돌),41,hp,28
사키,사키,2,atk,3
사키,사키,6,atk,4
사키,사키,11,atk,6
사키,사키,16,atk,7
사키,사키,21,atk,2
사키,사키,31,atk,3
사키,사키,41,atk,5
사키,사키,11,hp,42
사키,사키,16,hp,50
사키,사키,21,hp,9
사키,사키,31,hp,13
사키,사키,41,hp,22
사키,사키(수영복),2,atk,3
사키,사키(수영복),6,atk,4
사키,사키(수영복),11,atk,6
사키,사키(수영복),16,atk,7
사키,사키(수영복),21,atk,2
사키,사키(수영복),31,atk,3
사키,사키(수영복),41,atk,4
사키,사키(수영복),11,hp,41
사키,사키(수영복),16,hp,49
사키,사키(수영복),21,hp,8
사키,사키(수영복),31,hp,12
사키,사키(수영복),41,hp,20
세나,세나,2,healing,5
세나,세나,6,healing,8
세나,세나,11,healing,10
세나,세나,16,healing,13
세나,세나,21,healing,3
세나,세나,31,healing,5
세나,세나,41,healing,8
세나,세나,11,atk,4
세나,세나,16,atk,5
세나,세나,21,atk,1
세나,세나,31,atk,1
세나,세나,41,atk,2
세나,세나(사복),2,healing,6
세나,세나(사복),6,healing,10
세나,세나(사복),11,healing,13
세나,세나(사복),16,healing,16
세나,세나(사복),21,healing,3
세나,세나(사복),31,healing,6
세나,세나(사복),41,healing,10
세나,세나(사복),11,atk,9
세나,세나(사복),16,atk,11
세나,세나(사복),21,atk,2
세나,세나(사복),31,atk,3
세나,세나(사복),41,atk,4
세리나,세리나,2,healing,7
세리나,세리나,6,healing,11
세리나,세리나,11,healing,15
세리나,세리나,16,healing,18
세리나,세리나,21,healing,5
세리나,세리나,31,healing,7
세리나,세리나,41,healing,12
세리나,세리나,11,hp,47
세리나,세리나,16,hp,56
세리나,세리나,21,hp,10
세리나,세리나,31,hp,15
세리나,세리나,41,hp,24
세리나,세리나(크리스마스),2,hp,20
세리나,세리나(크리스마스),6,hp,31
세리나,세리나(크리스마스),11,hp,41
세리나,세리나(크리스마스),16,hp,51
세리나,세리나(크리스마스),21,hp,13
세리나,세리나(크리스마스),31,hp,20
세리나,세리나(크리스마스),41,hp,33
세리나,세리나(크리스마스),11,atk,5
세리나,세리나(크리스마스),16,atk,6
세리나,세리나(크리스마스),21,atk,1
세리나,세리나(크리스마스),31,atk,2
세리나,세리나(크리스마스),41,atk,3
세리카,세리카,2,atk,3
세리카,세리카,6,atk,4
세리카,세리카,11,atk,6
세리카,세리카,16,atk,7
세리카,세리카,21,atk,2
세리카,세리카,31,atk,3
세리카,세리카,41,atk,5
세리카,세리카,11,hp,55
세리카,세리카,16,hp,66
세리카,세리카,21,hp,12
세리카,세리카,31,hp,17
세리카,세리카,41,hp,29
세리카,세리카(새해),2,atk,2
세리카,세리카(새해),6,atk,3
세리카,세리카(새해),11,atk,4
세리카,세리카(새해),16,atk,5
세리카,세리카(새해),21,atk,1
세리카,세리카(새해),31,atk,2
세리카,세리카(새해),41,atk,3
세리카,세리카(새해),11,hp,63
세리카,세리카(새해),16,hp,75
세리카,세리카(새해),21,hp,13
세리카,세리카(새해),31,hp,20
세리카,세리카(새해),41,hp,33
세리카,세리카(수영복),2,atk,3
세리카,세리카(수영복),6,atk,5
세리카,세리카(수영복),11,atk,6
세리카,세리카(수영복),16,atk,8
세리카,세리카(수영복),21,atk,2
세리카,세리카(수영복),31,atk,3
세리카,세리카(수영복),41,atk,5
세리카,세리카(수영복),11,hp,35
세리카,세리카(수영복),16,hp,42
세리카,세리카(수영복),21,hp,7
세리카,세리카(수영복),31,hp,10
세리카,세리카(수영복),41,hp,17
세이아,세이아,2,healing,4
세이아,세이아,6,healing,7
세이아,세이아,11,healing,9
세이아,세이아,16,healing,11
세이아,세이아,21,healing,3
세이아,세이아,31,healing,4
세이아,세이아,41,healing,7
세이아,세이아,11,hp,55
세이아,세이아,16,hp,66
세이아,세이아,21,hp,11
세이아,세이아,31,hp,16
세이아,세이아,41,hp,27
세이아,세이아(수영복),2,healing,4
세이아,세이아(수영복),6,healing,5
세이아,세이아(수영복),11,healing,7
세이아,세이아(수영복),16,healing,9
세이아,세이아(수영복),21,healing,2
세이아,세이아(수영복),31,healing,4
세이아,세이아(수영복),41,healing,5
세이아,세이아(수영복),11,hp,55
세이아,세이아(수영복),16,hp,66
세이아,세이아(수영복),21,hp,11
세이아,세이아(수영복),31,hp,17
세이아,세이아(수영복),41,hp,28
슌,슌,2,atk,3
슌,슌,6,atk,5
슌,슌,11,atk,6
슌,슌,16,atk,8
슌,슌,21,atk,2
슌,슌,31,atk,3
슌,슌,41,atk,5
슌,슌,11,hp,48
슌,슌,16,hp,58
슌,슌,21,hp,10
슌,슌,31,hp,15
슌,슌,41,hp,25
슌,슌(어린이),2,atk,4
슌,슌(어린이),6,atk,6
슌,슌(어린이),11,atk,8
슌,슌(어린이),16,atk,10
슌,슌(어린이),21,atk,3
슌,슌(어린이),31,atk,4
슌,슌(어린이),41,atk,6
슌,슌(어린이),11,hp,48
슌,슌(어린이),16,hp,58
슌,슌(어린이),21,hp,10
슌,슌(어린이),31,hp,15
슌,슌(어린이),41,hp,25
스미레,스미레,2,def,1
스미레,스미레,6,def,1
스미레,스미레,11,def,1
스미레,스미레,16,def,2
스미레,스미레,21,def,0
스미레,스미레,31,def,1
스미레,스미레,41,def,1
스미레,스미레,11,hp,78
스미레,스미레,16,hp,94
스미레,스미레,21,hp,16
스미레,스미레,31,hp,25
스미레,스미레,41,hp,41
스미레,스미레(아르바이트),2,atk,2
스미레,스미레(아르바이트),6,atk,4
스미레,스미레(아르바이트),11,atk,5
스미레,스미레(아르바이트),16,atk,7
스미레,스미레(아르바이트),21,atk,1
스미레,스미레(아르바이트),31,atk,3
스미레,스미레(아르바이트),41,atk,4
스미레,스미레(아르바이트),11,hp,54
스미레,스미레(아르바이트),16,hp,65
스미레,스미레(아르바이트),21,hp,11
스미레,스미레(아르바이트),31,hp,16
스미레,스미레(아르바이트),41,hp,27
스즈미,스즈미,2,atk,2
스즈미,스즈미,6,atk,3
스즈미,스즈미,11,atk,4
스즈미,스즈미,16,atk,5
스즈미,스즈미,21,atk,1
스즈미,스즈미,31,atk,2
스즈미,스즈미,41,atk,3
스즈미,스즈미,11,hp,57
스즈미,스즈미,16,hp,69
스즈미,스즈미,21,hp,12
스즈미,스즈미,31,hp,18
스즈미,스즈미,41,hp,30
스즈미,스즈미(매지컬),2,atk,3
스즈미,스즈미(매지컬),6,atk,4
스즈미,스즈미(매지컬),11,atk,6
스즈미,스즈미(매지컬),16,atk,7
스즈미,스즈미(매지컬),21,atk,2
스즈미,스즈미(매지컬),31,atk,3
스즈미,스즈미(매지컬),41,atk,4
스즈미,스즈미(매지컬),11,hp,48
스즈미,스즈미(매지컬),16,hp,57
스즈미,스즈미(매지컬),21,hp,9
스즈미,스즈미(매지컬),31,hp,14
스즈미,스즈미(매지컬),41,hp,24
시구레,시구레,2,atk,3
시구레,시구레,6,atk,4
시구레,시구레,11,atk,5
시구레,시구레,16,atk,7
시구레,시구레,21,atk,2
시구레,시구레,31,atk,3
시구레,시구레,41,atk,4
시구레,시구레,11,hp,53
시구레,시구레,16,hp,63
시구레,시구레,21,hp,11
시구레,시구레,31,hp,17
시구레,시구레,41,hp,28
시구레,시구레(온천),2,healing,8
시구레,시구레(온천),6,healing,12
시구레,시구레(온천),11,healing,16
시구레,시구레(온천),16,healing,20
시구레,시구레(온천),21,healing,5
시구레,시구레(온천),31,healing,7
시구레,시구레(온천),41,healing,12
시구레,시구레(온천),11,hp,53
시구레,시구레(온천),16,hp,64
시구레,시구레(온천),21,hp,11
시구레,시구레(온천),31,hp,16
시구레,시구레(온천),41,hp,26
시로코,시로코,2,atk,3
시로코,시로코,6,atk,4
시로코,시로코,11,atk,6
시로코,시로코,16,atk,7
시로코,시로코,21,atk,2
시로코,시로코,31,atk,3
시로코,시로코,41,atk,5
시로코,시로코,11,hp,55
시로코,시로코,16,hp,67
시로코,시로코,21,hp,12
시로코,시로코,31,hp,17
시로코,시로코,41,hp,29
시로코,시로코(라이딩),2,atk,3
시로코,시로코(라이딩),6,atk,4
시로코,시로코(라이딩),11,atk,6
시로코,시로코(라이딩),16,atk,7
시로코,시로코(라이딩),21,atk,2
시로코,시로코(라이딩),31,atk,3
시로코,시로코(라이딩),41,atk,5
시로코,시로코(라이딩),11,hp,53
시로코,시로코(라이딩),16,hp,63
시로코,시로코(라이딩),21,hp,11
시로코,시로코(라이딩),31,hp,17
시로코,시로코(라이딩),41,hp,28
시로코,시로코(수영복),2,atk,3
시로코,시로코(수영복),6,atk,5
시로코,시로코(수영복),11,atk,6
시로코,시로코(수영복),16,atk,8
시로코,시로코(수영복),21,atk,2
시로코,시로코(수영복),31,atk,3
시로코,시로코(수영복),41,atk,5
시로코,시로코(수영복),11,hp,37
시로코,시로코(수영복),16,hp,44
시로코,시로코(수영복),21,hp,7
시로코,시로코(수영복),31,hp,11
시로코,시로코(수영복),41,hp,18
시즈코,시즈코,2,atk,2
시즈코,시즈코,6,atk,3
시즈코,시즈코,11,atk,3
시즈코,시즈코,16,atk,4
시즈코,시즈코,21,atk,1
시즈코,시즈코,31,atk,2
시즈코,시즈코,41,atk,3
시즈코,시즈코,11,hp,81
시즈코,시즈코,16,hp,97
시즈코,시즈코,21,hp,17
시즈코,시즈코,31,hp,25
시즈코,시즈코,41,hp,42
시즈코,시즈코(수영복),2,healing,5
시즈코,시즈코(수영복),6,healing,8
시즈코,시즈코(수영복),11,healing,11
시즈코,시즈코(수영복),16,healing,13
시즈코,시즈코(수영복),21,healing,3
시즈코,시즈코(수영복),31,healing,5
시즈코,시즈코(수영복),41,healing,9
시즈코,시즈코(수영복),11,hp,38
시즈코,시즈코(수영복),16,hp,46
시즈코,시즈코(수영복),21,hp,8
시즈코,시즈코(수영복),31,hp,12
시즈코,시즈코(수영복),41,hp,20
아루,아루,2,atk,4
아루,아루,6,atk,6
아루,아루,11,atk,7
아루,아루,16,atk,9
아루,아루,21,atk,2
아루,아루,31,atk,4
아루,아루,41,atk,6
아루,아루,11,hp,48
아루,아루,16,hp,58
아루,아루,21,hp,10
아루,아루,31,hp,15
아루,아루,41,hp,25
아루,아루(드레스),2,atk,3
아루,아루(드레스),6,atk,4
아루,아루(드레스),11,atk,6
아루,아루(드레스),16,atk,7
아루,아루(드레스),21,atk,2
아루,아루(드레스),31,atk,3
아루,아루(드레스),41,atk,4
아루,아루(드레스),11,hp,43
아루,아루(드레스),16,hp,51
아루,아루(드레스),21,hp,8
아루,아루(드레스),31,hp,13
아루,아루(드레스),41,hp,21
아루,아루(새해),2,atk,3
아루,아루(새해),6,atk,5
아루,아루(새해),11,atk,6
아루,아루(새해),16,atk,8
아루,아루(새해),21,atk,2
아루,아루(새해),31,atk,3
아루,아루(새해),41,atk,5
아루,아루(새해),11,hp,48
아루,아루(새해),16,hp,58
아루,아루(새해),21,hp,10
아루,아루(새해),31,hp,15
아루,아루(새해),41,hp,25
아리스,아리스,2,atk,3
아리스,아리스,6,atk,5
아리스,아리스,11,atk,7
아리스,아리스,16,atk,9
아리스,아리스,21,atk,3
아리스,아리스,31,atk,4
아리스,아리스,41,atk,7
아리스,아리스,11,hp,43
아리스,아리스,16,hp,51
아리스,아리스,21,hp,8
아리스,아리스,31,hp,12
아리스,아리스,41,hp,19
아리스,아리스(메이드),2,atk,4
아리스,아리스(메이드),6,atk,6
아리스,아리스(메이드),11,atk,8
아리스,아리스(메이드),16,atk,10
아리스,아리스(메이드),21,atk,2
아리스,아리스(메이드),31,atk,4
아리스,아리스(메이드),41,atk,6
아리스,아리스(메이드),11,hp,49
아리스,아리스(메이드),16,hp,59
아리스,아리스(메이드),21,hp,6
아리스,아리스(메이드),31,hp,10
아리스,아리스(메이드),41,hp,16
아리스,아리스(무장),2,atk,4
아리스,아리스(무장),6,atk,6
아리스,아리스(무장),11,atk,8
아리스,아리스(무장),16,atk,10
아리스,아리스(무장),21,atk,3
아리스,아리스(무장),31,atk,4
아리스,아리스(무장),41,atk,6
아리스,아리스(무장),11,hp,43
아리스,아리스(무장),16,hp,51
아리스,아리스(무장),21,hp,9
아리스,아리스(무장),31,hp,13
아리스,아리스(무장),41,hp,22
아스나,아스나,2,atk,3
아스나,아스나,6,atk,4
아스나,아스나,11,atk,5
아스나,아스나,16,atk,7
아스나,아스나,21,atk,2
아스나,아스나,31,atk,3
아스나,아스나,41,atk,4
아스나,아스나,11,hp,58
아스나,아스나,16,hp,69
아스나,아스나,21,hp,12
아스나,아스나,31,hp,18
아스나,아스나,41,hp,30
아스나,아스나(교복),2,atk,4
아스나,아스나(교복),6,atk,6
아스나,아스나(교복),11,atk,8
아스나,아스나(교복),16,atk,10
아스나,아스나(교복),21,atk,2
아스나,아스나(교복),31,atk,4
아스나,아스나(교복),41,atk,6
아스나,아스나(교복),11,hp,51
아스나,아스나(교복),16,hp,61
아스나,아스나(교복),21,hp,10
아스나,아스나(교복),31,hp,15
아스나,아스나(교복),41,hp,25
아스나,아스나(바니걸),2,atk,2
아스나,아스나(바니걸),6,atk,3
아스나,아스나(바니걸),11,atk,4
아스나,아스나(바니걸),16,atk,5
아스나,아스나(바니걸),21,atk,1
아스나,아스나(바니걸),31,atk,2
아스나,아스나(바니걸),41,atk,3
아스나,아스나(바니걸),11,hp,58
아스나,아스나(바니걸),16,hp,69
아스나,아스나(바니걸),21,hp,11
아스나,아스나(바니걸),31,hp,17
아스나,아스나(바니걸),41,hp,28
아야네,아야네,2,healing,7
아야네,아야네,6,healing,11
아야네,아야네,11,healing,14
아야네,아야네,16,healing,18
아야네,아야네,21,healing,5
아야네,아야네,31,healing,7
아야네,아야네,41,healing,12
아야네,아야네,11,hp,48
아야네,아야네,16,hp,57
아야네,아야네,21,hp,10
아야네,아야네,31,hp,15
아야네,아야네,41,hp,25
아야네,아야네(수영복),2,atk,3
아야네,아야네(수영복),6,atk,4
아야네,아야네(수영복),11,atk,6
아야네,아야네(수영복),16,atk,7
아야네,아야네(수영복),21,atk,2
아야네,아야네(수영복),31,atk,3
아야네,아야네(수영복),41,atk,5
아야네,아야네(수영복),11,hp,40
아야네,아야네(수영복),16,hp,48
아야네,아야네(수영복),21,hp,8
아야네,아야네(수영복),31,hp,13
아야네,아야네(수영복),41,hp,21
아이리,아이리,2,hp,17
아이리,아이리,6,hp,25
아이리,아이리,11,hp,34
아이리,아이리,16,hp,42
아이리,아이리,21,hp,11
아이리,아이리,31,hp,16
아이리,아이리,41,hp,27
아이리,아이리,11,atk,5
아이리,아이리,16,atk,5
아이리,아이리,21,atk,1
아이리,아이리,31,atk,1
아이리,아이리,41,atk,2
아이리,아이리(밴드),2,atk,3
아이리,아이리(밴드),6,atk,4
아이리,아이리(밴드),11,atk,6
아이리,아이리(밴드),16,atk,7
아이리,아이리(밴드),21,atk,2
아이리,아이리(밴드),31,atk,3
아이리,아이리(밴드),41,atk,4
아이리,아이리(밴드),11,hp,85
아이리,아이리(밴드),16,hp,102
아이리,아이리(밴드),21,hp,17
아이리,아이리(밴드),31,hp,25
아이리,아이리(밴드),41,hp,42
아즈사,아즈사,2,atk,2
아즈사,아즈사,6,atk,3
아즈사,아즈사,11,atk,4
아즈사,아즈사,16,atk,5
아즈사,아즈사,21,atk,1
아즈사,아즈사,31,atk,2
아즈사,아즈사,41,atk,3
아즈사,아즈사,11,hp,55
아즈사,아즈사,16,hp,67
아즈사,아즈사,21,hp,12
아즈사,아즈사,31,hp,17
아즈사,아즈사,41,hp,29
아즈사,아즈사(수영복),2,atk,2
아즈사,아즈사(수영복),6,atk,3
아즈사,아즈사(수영복),11,atk,4
아즈사,아즈사(수영복),16,atk,5
아즈사,아즈사(수영복),21,atk,1
아즈사,아즈사(수영복),31,atk,2
아즈사,아즈사(수영복),41,atk,3
아즈사,아즈사(수영복),11,hp,50
아즈사,아즈사(수영복),16,hp,59
아즈사,아즈사(수영복),21,hp,10
아즈사,아즈사(수영복),31,hp,16
아즈사,아즈사(수영복),41,hp,26
아츠코,아츠코,2,healing,5
아츠코,아츠코,6,healing,7
아츠코,아츠코,11,healing,9
아츠코,아츠코,16,healing,11
아츠코,아츠코,21,healing,3
아츠코,아츠코,31,healing,4
아츠코,아츠코,41,healing,7
아츠코,아츠코,11,hp,115
아츠코,아츠코,16,hp,138
아츠코,아츠코,21,hp,24
아츠코,아츠코,31,hp,36
아츠코,아츠코,41,hp,60
아츠코,아츠코(수영복),2,healing,8
아츠코,아츠코(수영복),6,healing,12
아츠코,아츠코(수영복),11,healing,16
아츠코,아츠코(수영복),16,healing,20
아츠코,아츠코(수영복),21,healing,5
아츠코,아츠코(수영복),31,healing,7
아츠코,아츠코(수영복),41,healing,12
아츠코,아츠코(수영복),11,hp,54
아츠코,아츠코(수영복),16,hp,64
아츠코,아츠코(수영복),21,hp,11
아츠코,아츠코(수영복),31,hp,16
아츠코,아츠코(수영복),41,hp,27
아카네,아카네,2,atk,1
아카네,아카네,6,atk,1
아카네,아카네,11,atk,2
아카네,아카네,16,atk,2
아카네,아카네,21,atk,1
아카네,아카네,31,atk,1
아카네,아카네,41,atk,1
아카네,아카네,11,hp,64
아카네,아카네,16,hp,77
아카네,아카네,21,hp,13
아카네,아카네,31,hp,20
아카네,아카네,41,hp,34
아카네,아카네(바니걸),2,atk,3
아카네,아카네(바니걸),6,atk,4
아카네,아카네(바니걸),11,atk,6
아카네,아카네(바니걸),16,atk,7
아카네,아카네(바니걸),21,atk,2
아카네,아카네(바니걸),31,atk,3
아카네,아카네(바니걸),41,atk,5
아카네,아카네(바니걸),11,hp,37
아카네,아카네(바니걸),16,hp,45
아카네,아카네(바니걸),21,hp,8
아카네,아카네(바니걸),31,hp,12
아카네,아카네(바니걸),41,hp,20
아카리,아카리,2,atk,3
아카리,아카리,6,atk,4
아카리,아카리,11,atk,6
아카리,아카리,16,atk,7
아카리,아카리,21,atk,2
아카리,아카리,31,atk,3
아카리,아카리,41,atk,5
아카리,아카리,11,hp,57
아카리,아카리,16,hp,68
아카리,아카리,21,hp,12
아카리,아카리,31,hp,18
아카리,아카리,41,hp,30
아카리,아카리(새해),2,hp,21
아카리,아카리(새해),6,hp,32
아카리,아카리(새해),11,hp,42
아카리,아카리(새해),16,hp,53
아카리,아카리(새해),21,hp,13
아카리,아카리(새해),31,hp,19
아카리,아카리(새해),41,hp,32
아카리,아카리(새해),11,atk,6
아카리,아카리(새해),16,atk,7
아카리,아카리(새해),21,atk,1
아카리,아카리(새해),31,atk,2
아카리,아카리(새해),41,atk,3
아코,아코,2,atk,1
아코,아코,6,atk,2
아코,아코,11,atk,3
아코,아코,16,atk,4
아코,아코,21,atk,1
아코,아코,31,atk,1
아코,아코,41,atk,2
아코,아코,11,hp,40
아코,아코,16,hp,48
아코,아코,21,hp,8
아코,아코,31,hp,13
아코,아코,41,hp,21
아코,아코(드레스),2,atk,1
아코,아코(드레스),6,atk,2
아코,아코(드레스),11,atk,3
아코,아코(드레스),16,atk,4
아코,아코(드레스),21,atk,1
아코,아코(드레스),31,atk,1
아코,아코(드레스),41,atk,2
아코,아코(드레스),11,hp,59
아코,아코(드레스),16,hp,70
아코,아코(드레스),21,hp,12
아코,아코(드레스),31,hp,17
아코,아코(드레스),41,hp,29
에이미,에이미,2,def,1
에이미,에이미,6,def,2
에이미,에이미,11,def,2
에이미,에이미,16,def,3
에이미,에이미,21,def,1
에이미,에이미,31,def,1
에이미,에이미,41,def,2
에이미,에이미,11,hp,128
에이미,에이미,16,hp,153
에이미,에이미,21,hp,27
에이미,에이미,31,hp,40
에이미,에이미,41,hp,67
에이미,에이미(무장),2,atk,4
에이미,에이미(무장),6,atk,6
에이미,에이미(무장),11,atk,8
에이미,에이미(무장),16,atk,9
에이미,에이미(무장),21,atk,2
에이미,에이미(무장),31,atk,4
에이미,에이미(무장),41,atk,6
에이미,에이미(무장),11,hp,46
에이미,에이미(무장),16,hp,56
에이미,에이미(무장),21,hp,9
에이미,에이미(무장),31,hp,14
에이미,에이미(무장),41,hp,23
에이미,에이미(수영복),2,healing,5
에이미,에이미(수영복),6,healing,8
에이미,에이미(수영복),11,healing,11
에이미,에이미(수영복),16,healing,13
에이미,에이미(수영복),21,healing,3
에이미,에이미(수영복),31,healing,5
에이미,에이미(수영복),41,healing,8
에이미,에이미(수영복),11,hp,53
에이미,에이미(수영복),16,hp,64
에이미,에이미(수영복),21,hp,11
에이미,에이미(수영복),31,hp,16
에이미,에이미(수영복),41,hp,26
와카모,와카모,2,atk,3
와카모,와카모,6,atk,5
와카모,와카모,11,atk,7
와카모,와카모,16,atk,9
와카모,와카모,21,atk,2
와카모,와카모,31,atk,3
와카모,와카모,41,atk,6
와카모,와카모,11,hp,48
와카모,와카모,16,hp,58
와카모,와카모,21,hp,10
와카모,와카모,31,hp,15
와카모,와카모,41,hp,25
와카모,와카모(수영복),2,atk,4
와카모,와카모(수영복),6,atk,6
와카모,와카모(수영복),11,atk,7
와카모,와카모(수영복),16,atk,9
와카모,와카모(수영복),21,atk,2
와카모,와카모(수영복),31,atk,4
와카모,와카모(수영복),41,atk,6
와카모,와카모(수영복),11,hp,48
와카모,와카모(수영복),16,hp,57
와카모,와카모(수영복),21,hp,10
와카모,와카모(수영복),31,hp,15
와카모,와카모(수영복),41,hp,25
요시미,요시미,2,atk,3
요시미,요시미,6,atk,4
요시미,요시미,11,atk,5
요시미,요시미,16,atk,7
요시미,요시미,21,atk,2
요시미,요시미,31,atk,3
요시미,요시미,41,atk,4
요시미,요시미,11,hp,42
요시미,요시미,16,hp,50
요시미,요시미,21,hp,9
요시미,요시미,31,hp,13
요시미,요시미,41,hp,22
요시미,요시미(밴드),2,atk,3
요시미,요시미(밴드),6,atk,4
요시미,요시미(밴드),11,atk,5
요시미,요시미(밴드),16,atk,7
요시미,요시미(밴드),21,atk,2
요시미,요시미(밴드),31,atk,2
요시미,요시미(밴드),41,atk,4
요시미,요시미(밴드),11,hp,56
요시미,요시미(밴드),16,hp,67
요시미,요시미(밴드),21,hp,11
요시미,요시미(밴드),31,hp,17
요시미,요시미(밴드),41,hp,28
우이,우이,2,hp,19
우이,우이,6,hp,28
우이,우이,11,hp,37
우이,우이,16,hp,47
우이,우이,21,hp,12
우이,우이,31,hp,18
우이,우이,41,hp,30
우이,우이,11,atk,6
우이,우이,16,atk,7
우이,우이,21,atk,1
우이,우이,31,atk,2
우이,우이,41,atk,3
우이,우이(수영복),2,atk,3
우이,우이(수영복),6,atk,4
우이,우이(수영복),11,atk,5
우이,우이(수영복),16,atk,6
우이,우이(수영복),21,atk,2
우이,우이(수영복),31,atk,2
우이,우이(수영복),41,atk,4
우이,우이(수영복),11,hp,44
우이,우이(수영복),16,hp,53
우이,우이(수영복),21,hp,9
우이,우이(수영복),31,hp,13
우이,우이(수영복),41,hp,22
우타하,우타하,2,atk,2
우타하,우타하,6,atk,3
우타하,우타하,11,atk,5
우타하,우타하,16,atk,6
우타하,우타하,21,atk,1
우타하,우타하,31,atk,2
우타하,우타하,41,atk,4
우타하,우타하,11,hp,43
우타하,우타하,16,hp,51
우타하,우타하,21,hp,9
우타하,우타하,31,hp,13
우타하,우타하,41,hp,22
우타하,우타하(응원단),2,atk,3
우타하,우타하(응원단),6,atk,5
우타하,우타하(응원단),11,atk,7
우타하,우타하(응원단),16,atk,9
우타하,우타하(응원단),21,atk,2
우타하,우타하(응원단),31,atk,3
우타하,우타하(응원단),41,atk,6
우타하,우타하(응원단),11,hp,85
우타하,우타하(응원단),16,hp,103
우타하,우타하(응원단),21,hp,18
우타하,우타하(응원단),31,hp,27
우타하,우타하(응원단),41,hp,45
유우카,유우카,2,hp,50
유우카,유우카,6,hp,75
유우카,유우카,11,hp,100
유우카,유우카,16,hp,125
유우카,유우카,21,hp,32
유우카,유우카,31,hp,48
유우카,유우카,41,hp,81
유우카,유우카,11,atk,3
유우카,유우카,16,atk,3
유우카,유우카,21,atk,1
유우카,유우카,31,atk,1
유우카,유우카,41,atk,1
유우카,유우카(체육복),2,healing,5
유우카,유우카(체육복),6,healing,7
유우카,유우카(체육복),11,healing,9
유우카,유우카(체육복),16,healing,11
유우카,유우카(체육복),21,healing,3
유우카,유우카(체육복),31,healing,4
유우카,유우카(체육복),41,healing,7
유우카,유우카(체육복),11,hp,95
유우카,유우카(체육복),16,hp,114
유우카,유우카(체육복),21,hp,20
유우카,유우카(체육복),31,hp,30
유우카,유우카(체육복),41,hp,50
유우카,유우카(파자마),2,hp,39
유우카,유우카(파자마),6,hp,59
유우카,유우카(파자마),11,hp,79
유우카,유우카(파자마),16,hp,98
유우카,유우카(파자마),21,hp,20
유우카,유우카(파자마),31,hp,30
유우카,유우카(파자마),41,hp,50
유우카,유우카(파자마),11,atk,4
유우카,유우카(파자마),16,atk,5
유우카,유우카(파자마),21,atk,1
유우카,유우카(파자마),31,atk,1
유우카,유우카(파자마),41,atk,2
유즈,유즈,2,atk,4
유즈,유즈,6,atk,5
유즈,유즈,11,atk,7
유즈,유즈,16,atk,9
유즈,유즈,21,atk,2
유즈,유즈,31,atk,3
유즈,유즈,41,atk,6
유즈,유즈,11,hp,55
유즈,유즈,16,hp,66
유즈,유즈,21,hp,12
유즈,유즈,31,hp,17
유즈,유즈,41,hp,29
유즈,유즈(메이드),2,atk,3
유즈,유즈(메이드),6,atk,5
유즈,유즈(메이드),11,atk,7
유즈,유즈(메이드),16,atk,8
유즈,유즈(메이드),21,atk,2
유즈,유즈(메이드),31,atk,3
유즈,유즈(메이드),41,atk,5
유즈,유즈(메이드),11,hp,35
유즈,유즈(메이드),16,hp,43
유즈,유즈(메이드),21,hp,7
유즈,유즈(메이드),31,hp,11
유즈,유즈(메이드),41,hp,19
유즈,유즈(무장),2,atk,3
유즈,유즈(무장),6,atk,4
유즈,유즈(무장),11,atk,5
유즈,유즈(무장),16,atk,6
유즈,유즈(무장),21,atk,2
유즈,유즈(무장),31,atk,2
유즈,유즈(무장),41,atk,4
유즈,유즈(무장),11,hp,56
유즈,유즈(무장),16,hp,67
유즈,유즈(무장),21,hp,7
유즈,유즈(무장),31,hp,11
유즈,유즈(무장),41,hp,18
유카리,유카리,2,atk,3
유카리,유카리,6,atk,5
유카리,유카리,11,atk,7
유카리,유카리,16,atk,8
유카리,유카리,21,atk,2
유카리,유카리,31,atk,3
유카리,유카리,41,atk,5
유카리,유카리,11,hp,48
유카리,유카리,16,hp,58
유카리,유카리,21,hp,10
유카리,유카리,31,hp,14
유카리,유카리,41,hp,24
유카리,유카리(수영복),2,atk,3
유카리,유카리(수영복),6,atk,4
유카리,유카리(수영복),11,atk,5
유카리,유카리(수영복),16,atk,6
유카리,유카리(수영복),21,atk,2
유카리,유카리(수영복),31,atk,2
유카리,유카리(수영복),41,atk,4
유카리,유카리(수영복),11,hp,48
유카리,유카리(수영복),16,hp,58
유카리,유카리(수영복),21,hp,10
유카리,유카리(수영복),31,hp,14
유카리,유카리(수영복),41,hp,24
이오리,이오리,2,atk,3
이오리,이오리,6,atk,5
이오리,이오리,11,atk,6
이오리,이오리,16,atk,8
이오리,이오리,21,atk,2
이오리,이오리,31,atk,3
이오리,이오리,41,atk,5
이오리,이오리,11,hp,50
이오리,이오리,16,hp,60
이오리,이오리,21,hp,12
이오리,이오리,31,hp,18
이오리,이오리,41,hp,30
이오리,이오리(수영복),2,atk,3
이오리,이오리(수영복),6,atk,5
이오리,이오리(수영복),11,atk,7
이오리,이오리(수영복),16,atk,8
이오리,이오리(수영복),21,atk,2
이오리,이오리(수영복),31,atk,3
이오리,이오리(수영복),41,atk,6
이오리,이오리(수영복),11,hp,45
이오리,이오리(수영복),16,hp,55
이오리,이오리(수영복),21,hp,9
이오리,이오리(수영복),31,hp,14
이오리,이오리(수영복),41,hp,23
이즈나,이즈나,2,atk,2
이즈나,이즈나,6,atk,3
이즈나,이즈나,11,atk,4
이즈나,이즈나,16,atk,5
이즈나,이즈나,21,atk,1
이즈나,이즈나,31,atk,2
이즈나,이즈나,41,atk,3
이즈나,이즈나,11,hp,88
이즈나,이즈나,16,hp,105
이즈나,이즈나,21,hp,18
이즈나,이즈나,31,hp,28
이즈나,이즈나,41,hp,46
이즈나,이즈나(수영복),2,atk,2
이즈나,이즈나(수영복),6,atk,3
이즈나,이즈나(수영복),11,atk,4
이즈나,이즈나(수영복),16,atk,5
이즈나,이즈나(수영복),21,atk,1
이즈나,이즈나(수영복),31,atk,2
이즈나,이즈나(수영복),41,atk,3
이즈나,이즈나(수영복),11,hp,82
이즈나,이즈나(수영복),16,hp,99
이즈나,이즈나(수영복),21,hp,17
이즈나,이즈나(수영복),31,hp,26
이즈나,이즈나(수영복),41,hp,43
이즈미,이즈미,2,atk,2
이즈미,이즈미,6,atk,3
이즈미,이즈미,11,atk,4
이즈미,이즈미,16,atk,5
이즈미,이즈미,21,atk,1
이즈미,이즈미,31,atk,2
이즈미,이즈미,41,atk,3
이즈미,이즈미,11,hp,50
이즈미,이즈미,16,hp,60
이즈미,이즈미,21,hp,10
이즈미,이즈미,31,hp,16
이즈미,이즈미,41,hp,26
이즈미,이즈미(새해),2,healing,5
이즈미,이즈미(새해),6,healing,8
이즈미,이즈미(새해),11,healing,11
이즈미,이즈미(새해),16,healing,13
이즈미,이즈미(새해),21,healing,3
이즈미,이즈미(새해),31,healing,5
이즈미,이즈미(새해),41,healing,8
이즈미,이즈미(새해),11,hp,52
이즈미,이즈미(새해),16,hp,63
이즈미,이즈미(새해),21,hp,10
이즈미,이즈미(새해),31,hp,16
이즈미,이즈미(새해),41,hp,26
이즈미,이즈미(수영복),2,atk,2
이즈미,이즈미(수영복),6,atk,3
이즈미,이즈미(수영복),11,atk,5
이즈미,이즈미(수영복),16,atk,6
이즈미,이즈미(수영복),21,atk,1
이즈미,이즈미(수영복),31,atk,2
이즈미,이즈미(수영복),41,atk,4
이즈미,이즈미(수영복),11,hp,47
이즈미,이즈미(수영복),16,hp,56
이즈미,이즈미(수영복),21,hp,10
이즈미,이즈미(수영복),31,hp,15
이즈미,이즈미(수영복),41,hp,24
이치카,이치카,2,atk,3
이치카,이치카,6,atk,4
이치카,이치카,11,atk,6
이치카,이치카,16,atk,7
이치카,이치카,21,atk,2
이치카,이치카,31,atk,3
이치카,이치카,41,atk,4
이치카,이치카,11,hp,56
이치카,이치카,16,hp,67
이치카,이치카,21,hp,11
이치카,이치카,31,hp,17
이치카,이치카,41,hp,28
이치카,이치카(수영복),2,atk,2
이치카,이치카(수영복),6,atk,4
이치카,이치카(수영복),11,atk,5
이치카,이치카(수영복),16,atk,6
이치카,이치카(수영복),21,atk,1
이치카,이치카(수영복),31,atk,2
이치카,이치카(수영복),41,atk,4
이치카,이치카(수영복),11,hp,57
이치카,이치카(수영복),16,hp,68
이치카,이치카(수영복),21,hp,12
이치카,이치카(수영복),31,hp,17
이치카,이치카(수영복),41,hp,29
주리,주리,2,atk,2
주리,주리,6,atk,3
주리,주리,11,atk,3
주리,주리,16,atk,4
주리,주리,21,atk,1
주리,주리,31,atk,2
주리,주리,41,atk,3
주리,주리,11,hp,42
주리,주리,16,hp,50
주리,주리,21,hp,9
주리,주리,31,hp,13
주리,주리,41,hp,22
주리,주리(아르바이트),2,healing,4
주리,주리(아르바이트),6,healing,5
주리,주리(아르바이트),11,healing,7
주리,주리(아르바이트),16,healing,9
주리,주리(아르바이트),21,healing,2
주리,주리(아르바이트),31,healing,4
주리,주리(아르바이트),41,healing,5
주리,주리(아르바이트),11,hp,115
주리,주리(아르바이트),16,hp,138
주리,주리(아르바이트),21,hp,23
주리,주리(아르바이트),31,hp,34
주리,주리(아르바이트),41,hp,57
준코,준코,2,atk,3
준코,준코,6,atk,4
준코,준코,11,atk,5
준코,준코,16,atk,7
준코,준코,21,atk,2
준코,준코,31,atk,3
준코,준코,41,atk,4
준코,준코,11,hp,57
준코,준코,16,hp,68
준코,준코,21,hp,12
준코,준코,31,hp,18
준코,준코,41,hp,30
준코,준코(새해),2,atk,3
준코,준코(새해),6,atk,5
준코,준코(새해),11,atk,6
준코,준코(새해),16,atk,8
준코,준코(새해),21,atk,2
준코,준코(새해),31,atk,3
준코,준코(새해),41,atk,5
준코,준코(새해),11,hp,55
준코,준코(새해),16,hp,66
준코,준코(새해),21,hp,12
준코,준코(새해),31,hp,17
준코,준코(새해),41,hp,29
체리노,체리노,2,atk,2
체리노,체리노,6,atk,3
체리노,체리노,11,atk,4
체리노,체리노,16,atk,5
체리노,체리노,21,atk,1
체리노,체리노,31,atk,2
체리노,체리노,41,atk,3
체리노,체리노,11,hp,64
체리노,체리노,16,hp,77
체리노,체리노,21,hp,13
체리노,체리노,31,hp,20
체리노,체리노,41,hp,34
체리노,체리노(온천),2,atk,2
체리노,체리노(온천),6,atk,3
체리노,체리노(온천),11,atk,4
체리노,체리노(온천),16,atk,5
체리노,체리노(온천),21,atk,1
체리노,체리노(온천),31,atk,2
체리노,체리노(온천),41,atk,3
체리노,체리노(온천),11,hp,42
체리노,체리노(온천),16,hp,50
체리노,체리노(온천),21,hp,9
체리노,체리노(온천),31,hp,13
체리노,체리노(온천),41,hp,22
츠루기,츠루기,2,atk,4
츠루기,츠루기,6,atk,6
츠루기,츠루기,11,atk,8
츠루기,츠루기,16,atk,10
츠루기,츠루기,21,atk,3
츠루기,츠루기,31,atk,4
츠루기,츠루기,41,atk,6
츠루기,츠루기,11,hp,89
츠루기,츠루기,16,hp,107
츠루기,츠루기,21,hp,19
츠루기,츠루기,31,hp,28
츠루기,츠루기,41,hp,47
츠루기,츠루기(수영복),2,atk,3
츠루기,츠루기(수영복),6,atk,5
츠루기,츠루기(수영복),11,atk,7
츠루기,츠루기(수영복),16,atk,9
츠루기,츠루기(수영복),21,atk,2
츠루기,츠루기(수영복),31,atk,3
츠루기,츠루기(수영복),41,atk,6
츠루기,츠루기(수영복),11,hp,88
츠루기,츠루기(수영복),16,hp,105
츠루기,츠루기(수영복),21,hp,18
츠루기,츠루기(수영복),31,hp,28
츠루기,츠루기(수영복),41,hp,46
츠바키,츠바키,2,hp,51
츠바키,츠바키,6,hp,76
츠바키,츠바키,11,hp,102
츠바키,츠바키,16,hp,127
츠바키,츠바키,21,hp,33
츠바키,츠바키,31,hp,49
츠바키,츠바키,41,hp,82
츠바키,츠바키,11,atk,5
츠바키,츠바키,16,atk,5
츠바키,츠바키,21,atk,1
츠바키,츠바키,31,atk,1
츠바키,츠바키,41,atk,2
츠바키,츠바키(가이드),2,healing,5
츠바키,츠바키(가이드),6,healing,8
츠바키,츠바키(가이드),11,healing,11
츠바키,츠바키(가이드),16,healing,13
츠바키,츠바키(가이드),21,healing,3
츠바키,츠바키(가이드),31,healing,5
츠바키,츠바키(가이드),41,healing,8
츠바키,츠바키(가이드),11,hp,53
츠바키,츠바키(가이드),16,hp,64
츠바키,츠바키(가이드),21,hp,11
츠바키,츠바키(가이드),31,hp,16
츠바키,츠바키(가이드),41,hp,26
츠쿠요,츠쿠요,2,healing,5
츠쿠요,츠쿠요,6,healing,7
츠쿠요,츠쿠요,11,healing,9
츠쿠요,츠쿠요,16,healing,11
츠쿠요,츠쿠요,21,healing,3
츠쿠요,츠쿠요,31,healing,4
츠쿠요,츠쿠요,41,healing,7
츠쿠요,츠쿠요,11,atk,3
츠쿠요,츠쿠요,16,atk,4
츠쿠요,츠쿠요,21,atk,1
츠쿠요,츠쿠요,31,atk,1
츠쿠요,츠쿠요,41,atk,2
츠쿠요,츠쿠요(드레스),2,hp,50
츠쿠요,츠쿠요(드레스),6,hp,75
츠쿠요,츠쿠요(드레스),11,hp,100
츠쿠요,츠쿠요(드레스),16,hp,125
츠쿠요,츠쿠요(드레스),21,hp,31
츠쿠요,츠쿠요(드레스),31,hp,46
츠쿠요,츠쿠요(드레스),41,hp,77
츠쿠요,츠쿠요(드레스),11,healing,8
츠쿠요,츠쿠요(드레스),16,healing,10
츠쿠요,츠쿠요(드레스),21,healing,2
츠쿠요,츠쿠요(드레스),31,healing,2
츠쿠요,츠쿠요(드레스),41,healing,4
치나츠,치나츠,2,healing,7
치나츠,치나츠,6,healing,11
치나츠,치나츠,11,healing,14
치나츠,치나츠,16,healing,18
치나츠,치나츠,21,healing,5
치나츠,치나츠,31,healing,7
치나츠,치나츠,41,healing,12
치나츠,치나츠,11,hp,47
치나츠,치나츠,16,hp,57
치나츠,치나츠,21,hp,10
치나츠,치나츠,31,hp,15
치나츠,치나츠,41,hp,25
치나츠,치나츠(온천),2,atk,1
치나츠,치나츠(온천),6,atk,2
치나츠,치나츠(온천),11,atk,2
치나츠,치나츠(온천),16,atk,3
치나츠,치나츠(온천),21,atk,1
치나츠,치나츠(온천),31,atk,1
치나츠,치나츠(온천),41,atk,2
치나츠,치나츠(온천),11,healing,12
치나츠,치나츠(온천),16,healing,14
치나츠,치나츠(온천),21,healing,2
치나츠,치나츠(온천),31,healing,4
치나츠,치나츠(온천),41,healing,6
치세,치세,2,atk,2
치세,치세,6,atk,3
치세,치세,11,atk,4
치세,치세,16,atk,6
치세,치세,21,atk,1
치세,치세,31,atk,2
치세,치세,41,atk,3
치세,치세,11,hp,57
치세,치세,16,hp,68
치세,치세,21,hp,12
치세,치세,31,hp,18
치세,치세,41,hp,30
치세,치세(수영복),2,atk,2
치세,치세(수영복),6,atk,3
치세,치세(수영복),11,atk,5
치세,치세(수영복),16,atk,6
치세,치세(수영복),21,atk,1
치세,치세(수영복),31,atk,2
치세,치세(수영복),41,atk,4
치세,치세(수영복),11,hp,55
치세,치세(수영복),16,hp,66
치세,치세(수영복),21,hp,12
치세,치세(수영복),31,hp,17
치세,치세(수영복),41,hp,29
카린,카린,2,atk,3
카린,카린,6,atk,4
카린,카린,11,atk,6
카린,카린,16,atk,7
카린,카린,21,atk,2
카린,카린,31,atk,3
카린,카린,41,atk,5
카린,카린,11,hp,43
카린,카린,16,hp,52
카린,카린,21,hp,9
카린,카린,31,hp,14
카린,카린,41,hp,23
카린,카린(교복),2,atk,3
카린,카린(교복),6,atk,5
카린,카린(교복),11,atk,6
카린,카린(교복),16,atk,8
카린,카린(교복),21,atk,2
카린,카린(교복),31,atk,3
카린,카린(교복),41,atk,5
카린,카린(교복),11,hp,36
카린,카린(교복),16,hp,44
카린,카린(교복),21,hp,7
카린,카린(교복),31,hp,11
카린,카린(교복),41,hp,18
카린,카린(바니걸),2,atk,3
카린,카린(바니걸),6,atk,5
카린,카린(바니걸),11,atk,7
카린,카린(바니걸),16,atk,8
카린,카린(바니걸),21,atk,2
카린,카린(바니걸),31,atk,3
카린,카린(바니걸),41,atk,6
카린,카린(바니걸),11,hp,50
카린,카린(바니걸),16,hp,60
카린,카린(바니걸),21,hp,10
카린,카린(바니걸),31,hp,15
카린,카린(바니걸),41,hp,26
카요코,카요코,2,atk,1
카요코,카요코,6,atk,2
카요코,카요코,11,atk,2
카요코,카요코,16,atk,3
카요코,카요코,21,atk,1
카요코,카요코,31,atk,1
카요코,카요코,41,atk,2
카요코,카요코,11,hp,65
카요코,카요코,16,hp,79
카요코,카요코,21,hp,14
카요코,카요코,31,hp,21
카요코,카요코,41,hp,34
카요코,카요코(드레스),2,atk,2
카요코,카요코(드레스),6,atk,3
카요코,카요코(드레스),11,atk,4
카요코,카요코(드레스),16,atk,5
카요코,카요코(드레스),21,atk,1
카요코,카요코(드레스),31,atk,2
카요코,카요코(드레스),41,atk,3
카요코,카요코(드레스),11,hp,65
카요코,카요코(드레스),16,hp,77
카요코,카요코(드레스),21,hp,13
카요코,카요코(드레스),31,hp,19
카요코,카요코(드레스),41,hp,32
카요코,카요코(새해),2,atk,1
카요코,카요코(새해),6,atk,2
카요코,카요코(새해),11,atk,3
카요코,카요코(새해),16,atk,3
카요코,카요코(새해),21,atk,1
카요코,카요코(새해),31,atk,1
카요코,카요코(새해),41,atk,2
카요코,카요코(새해),11,hp,62
카요코,카요코(새해),16,hp,74
카요코,카요코(새해),21,hp,13
카요코,카요코(새해),31,hp,19
카요코,카요코(새해),41,hp,32
카즈사,카즈사,2,atk,2
카즈사,카즈사,6,atk,4
카즈사,카즈사,11,atk,5
카즈사,카즈사,16,atk,6
카즈사,카즈사,21,atk,2
카즈사,카즈사,31,atk,2
카즈사,카즈사,41,atk,4
카즈사,카즈사,11,hp,48
카즈사,카즈사,16,hp,58
카즈사,카즈사,21,hp,10
카즈사,카즈사,31,hp,15
카즈사,카즈사,41,hp,25
카즈사,카즈사(밴드),2,atk,3
카즈사,카즈사(밴드),6,atk,4
카즈사,카즈사(밴드),11,atk,5
카즈사,카즈사(밴드),16,atk,7
카즈사,카즈사(밴드),21,atk,2
카즈사,카즈사(밴드),31,atk,2
카즈사,카즈사(밴드),41,atk,4
카즈사,카즈사(밴드),11,hp,62
카즈사,카즈사(밴드),16,hp,75
카즈사,카즈사(밴드),21,hp,12
카즈사,카즈사(밴드),31,hp,18
카즈사,카즈사(밴드),41,hp,31
칸나,칸나,2,atk,2
칸나,칸나,6,atk,3
칸나,칸나,11,atk,4
칸나,칸나,16,atk,5
칸나,칸나,21,atk,1
칸나,칸나,31,atk,2
칸나,칸나,41,atk,3
칸나,칸나,11,hp,40
칸나,칸나,16,hp,48
칸나,칸나,21,hp,8
칸나,칸나,31,hp,13
칸나,칸나,41,hp,21
칸나,칸나(수영복),2,atk,1
칸나,칸나(수영복),6,atk,2
칸나,칸나(수영복),11,atk,3
칸나,칸나(수영복),16,atk,3
칸나,칸나(수영복),21,atk,1
칸나,칸나(수영복),31,atk,1
칸나,칸나(수영복),41,atk,2
칸나,칸나(수영복),11,hp,59
칸나,칸나(수영복),16,hp,71
칸나,칸나(수영복),21,hp,12
칸나,칸나(수영복),31,hp,18
칸나,칸나(수영복),41,hp,29
코유키,코유키,2,atk,3
코유키,코유키,6,atk,5
코유키,코유키,11,atk,7
코유키,코유키,16,atk,9
코유키,코유키,21,atk,2
코유키,코유키,31,atk,3
코유키,코유키,41,atk,6
코유키,코유키,11,hp,47
코유키,코유키,16,hp,56
코유키,코유키,21,hp,10
코유키,코유키,31,hp,15
코유키,코유키,41,hp,24
코유키,코유키(파자마),2,atk,3
코유키,코유키(파자마),6,atk,4
코유키,코유키(파자마),11,atk,5
코유키,코유키(파자마),16,atk,6
코유키,코유키(파자마),21,atk,2
코유키,코유키(파자마),31,atk,2
코유키,코유키(파자마),41,atk,4
코유키,코유키(파자마),11,hp,55
코유키,코유키(파자마),16,hp,66
코유키,코유키(파자마),21,hp,11
코유키,코유키(파자마),31,hp,16
코유키,코유키(파자마),41,hp,27
코타마,코타마,2,atk,1
코타마,코타마,6,atk,2
코타마,코타마,11,atk,3
코타마,코타마,16,atk,4
코타마,코타마,21,atk,1
코타마,코타마,31,atk,1
코타마,코타마,41,atk,2
코타마,코타마,11,hp,42
코타마,코타마,16,hp,51
코타마,코타마,21,hp,9
코타마,코타마,31,hp,13
코타마,코타마,41,hp,22
코타마,코타마(캠핑),2,atk,1
코타마,코타마(캠핑),6,atk,2
코타마,코타마(캠핑),11,atk,3
코타마,코타마(캠핑),16,atk,3
코타마,코타마(캠핑),21,atk,1
코타마,코타마(캠핑),31,atk,1
코타마,코타마(캠핑),41,atk,2
코타마,코타마(캠핑),11,hp,62
코타마,코타마(캠핑),16,hp,74
코타마,코타마(캠핑),21,hp,12
코타마,코타마(캠핑),31,hp,18
코타마,코타마(캠핑),41,hp,31
코토리,코토리,2,atk,2
코토리,코토리,6,atk,3
코토리,코토리,11,atk,4
코토리,코토리,16,atk,5
코토리,코토리,21,atk,1
코토리,코토리,31,atk,2
코토리,코토리,41,atk,3
코토리,코토리,11,hp,49
코토리,코토리,16,hp,59
코토리,코토리,21,hp,10
코토리,코토리,31,hp,15
코토리,코토리,41,hp,26
코토리,코토리(응원단),2,atk,3
코토리,코토리(응원단),6,atk,5
코토리,코토리(응원단),11,atk,6
코토리,코토리(응원단),16,atk,8
코토리,코토리(응원단),21,atk,2
코토리,코토리(응원단),31,atk,3
코토리,코토리(응원단),41,atk,5
코토리,코토리(응원단),11,hp,49
코토리,코토리(응원단),16,hp,58
코토리,코토리(응원단),21,hp,10
코토리,코토리(응원단),31,hp,14
코토리,코토리(응원단),41,hp,24
코하루,코하루,2,healing,6
코하루,코하루,6,healing,10
코하루,코하루,11,healing,13
코하루,코하루,16,healing,16
코하루,코하루,21,healing,4
코하루,코하루,31,healing,6
코하루,코하루,41,healing,10
코하루,코하루,11,hp,53
코하루,코하루,16,hp,63
코하루,코하루,21,hp,11
코하루,코하루,31,hp,17
코하루,코하루,41,hp,28
코하루,코하루(수영복),2,atk,3
코하루,코하루(수영복),6,atk,4
코하루,코하루(수영복),11,atk,6
코하루,코하루(수영복),16,atk,7
코하루,코하루(수영복),21,atk,2
코하루,코하루(수영복),31,atk,3
코하루,코하루(수영복),41,atk,4
코하루,코하루(수영복),11,hp,46
코하루,코하루(수영복),16,hp,55
코하루,코하루(수영복),21,hp,9
코하루,코하루(수영복),31,hp,14
코하루,코하루(수영복),41,hp,23
키리노,키리노,2,atk,1
키리노,키리노,6,atk,2
키리노,키리노,11,atk,2
키리노,키리노,16,atk,3
키리노,키리노,21,atk,1
키리노,키리노,31,atk,1
키리노,키리노,41,atk,2
키리노,키리노,11,hp,59
키리노,키리노,16,hp,71
키리노,키리노,21,hp,12
키리노,키리노,31,hp,19
키리노,키리노,41,hp,31
키리노,키리노(수영복),2,hp,21
키리노,키리노(수영복),6,hp,32
키리노,키리노(수영복),11,hp,43
키리노,키리노(수영복),16,hp,54
키리노,키리노(수영복),21,hp,13
키리노,키리노(수영복),31,hp,20
키리노,키리노(수영복),41,hp,33
키리노,키리노(수영복),11,atk,6
키리노,키리노(수영복),16,atk,7
키리노,키리노(수영복),21,atk,1
키리노,키리노(수영복),31,atk,2
키리노,키리노(수영복),41,atk,3
키쿄,키쿄,2,atk,2
키쿄,키쿄,6,atk,4
키쿄,키쿄,11,atk,5
키쿄,키쿄,16,atk,6
키쿄,키쿄,21,atk,1
키쿄,키쿄,31,atk,2
키쿄,키쿄,41,atk,4
키쿄,키쿄,11,hp,46
키쿄,키쿄,16,hp,55
키쿄,키쿄,21,hp,9
키쿄,키쿄,31,hp,14
키쿄,키쿄,41,hp,23
키쿄,키쿄(수영복),2,hp,22
키쿄,키쿄(수영복),6,hp,33
키쿄,키쿄(수영복),11,hp,44
키쿄,키쿄(수영복),16,hp,55
키쿄,키쿄(수영복),21,hp,13
키쿄,키쿄(수영복),31,hp,20
키쿄,키쿄(수영복),41,hp,34
키쿄,키쿄(수영복),11,atk,6
키쿄,키쿄(수영복),16,atk,7
키쿄,키쿄(수영복),21,atk,1
키쿄,키쿄(수영복),31,atk,2
키쿄,키쿄(수영복),41,atk,3
토모에,토모에,2,atk,3
토모에,토모에,6,atk,4
토모에,토모에,11,atk,5
토모에,토모에,16,atk,7
토모에,토모에,21,atk,2
토모에,토모에,31,atk,3
토모에,토모에,41,atk,4
토모에,토모에,11,hp,47
토모에,토모에,16,hp,56
토모에,토모에,21,hp,10
토모에,토모에,31,hp,15
토모에,토모에,41,hp,24
토모에,토모에(치파오),2,healing,5
토모에,토모에(치파오),6,healing,8
토모에,토모에(치파오),11,healing,10
토모에,토모에(치파오),16,healing,13
토모에,토모에(치파오),21,healing,3
토모에,토모에(치파오),31,healing,5
토모에,토모에(치파오),41,healing,8
토모에,토모에(치파오),11,hp,54
토모에,토모에(치파오),16,hp,64
토모에,토모에(치파오),21,hp,11
토모에,토모에(치파오),31,hp,16
토모에,토모에(치파오),41,hp,27
토키,토키,2,atk,2
토키,토키,6,atk,3
토키,토키,11,atk,5
토키,토키,16,atk,6
토키,토키,21,atk,1
토키,토키,31,atk,2
토키,토키,41,atk,4
토키,토키,11,hp,56
토키,토키,16,hp,67
토키,토키,21,hp,12
토키,토키,31,hp,18
토키,토키,41,hp,29
토키,토키(무장),2,atk,2
토키,토키(무장),6,atk,3
토키,토키(무장),11,atk,4
토키,토키(무장),16,atk,5
토키,토키(무장),21,atk,1
토키,토키(무장),31,atk,2
토키,토키(무장),41,atk,3
토키,토키(무장),11,healing,17
토키,토키(무장),16,healing,20
토키,토키(무장),21,healing,3
토키,토키(무장),31,healing,5
토키,토키(무장),41,healing,9
토키,토키(바니걸),2,atk,3
토키,토키(바니걸),6,atk,4
토키,토키(바니걸),11,atk,5
토키,토키(바니걸),16,atk,7
토키,토키(바니걸),21,atk,2
토키,토키(바니걸),31,atk,3
토키,토키(바니걸),41,atk,4
토키,토키(바니걸),11,hp,55
토키,토키(바니걸),16,hp,67
토키,토키(바니걸),21,hp,12
토키,토키(바니걸),31,hp,17
토키,토키(바니걸),41,hp,29
피나,피나,2,atk,3
피나,피나,6,atk,4
피나,피나,11,atk,5
피나,피나,16,atk,6
피나,피나,21,atk,2
피나,피나,31,atk,2
피나,피나,41,atk,4
피나,피나,11,hp,50
피나,피나,16,hp,60
피나,피나,21,hp,10
피나,피나,31,hp,16
피나,피나,41,hp,26
피나,피나(가이드),2,atk,3
피나,피나(가이드),6,atk,4
피나,피나(가이드),11,atk,6
피나,피나(가이드),16,atk,8
피나,피나(가이드),21,atk,1
피나,피나(가이드),31,atk,3
피나,피나(가이드),41,atk,5
피나,피나(가이드),11,hp,37
피나,피나(가이드),16,hp,44
피나,피나(가이드),21,hp,7
피나,피나(가이드),31,hp,11
피나,피나(가이드),41,hp,18
하나에,하나에,2,healing,7
하나에,하나에,6,healing,11
하나에,하나에,11,healing,14
하나에,하나에,16,healing,18
하나에,하나에,21,healing,5
하나에,하나에,31,healing,7
하나에,하나에,41,healing,12
하나에,하나에,11,hp,48
하나에,하나에,16,hp,57
하나에,하나에,21,hp,10
하나에,하나에,31,hp,15
하나에,하나에,41,hp,25
하나에,하나에(크리스마스),2,healing,8
하나에,하나에(크리스마스),6,healing,12
하나에,하나에(크리스마스),11,healing,16
하나에,하나에(크리스마스),16,healing,20
하나에,하나에(크리스마스),21,healing,5
하나에,하나에(크리스마스),31,healing,8
하나에,하나에(크리스마스),41,healing,13
하나에,하나에(크리스마스),11,atk,5
하나에,하나에(크리스마스),16,atk,6
하나에,하나에(크리스마스),21,atk,1
하나에,하나에(크리스마스),31,atk,2
하나에,하나에(크리스마스),41,atk,3
하나코,하나코,2,healing,7
하나코,하나코,6,healing,11
하나코,하나코,11,healing,14
하나코,하나코,16,healing,18
하나코,하나코,21,healing,5
하나코,하나코,31,healing,7
하나코,하나코,41,healing,12
하나코,하나코,11,hp,47
하나코,하나코,16,hp,57
하나코,하나코,21,hp,10
하나코,하나코,31,hp,15
하나코,하나코,41,hp,25
하나코,하나코(수영복),2,atk,3
하나코,하나코(수영복),6,atk,5
하나코,하나코(수영복),11,atk,6
하나코,하나코(수영복),16,atk,8
하나코,하나코(수영복),21,atk,2
하나코,하나코(수영복),31,atk,3
하나코,하나코(수영복),41,atk,5
하나코,하나코(수영복),11,hp,56
하나코,하나코(수영복),16,hp,67
하나코,하나코(수영복),21,hp,11
하나코,하나코(수영복),31,hp,17
하나코,하나코(수영복),41,hp,28
하레,하레,2,atk,2
하레,하레,6,atk,3
하레,하레,11,atk,4
하레,하레,16,atk,5
하레,하레,21,atk,1
하레,하레,31,atk,2
하레,하레,41,atk,3
하레,하레,11,hp,41
하레,하레,16,hp,49
하레,하레,21,hp,9
하레,하레,31,hp,13
하레,하레,41,hp,21
하레,하레(캠핑),2,atk,1
하레,하레(캠핑),6,atk,2
하레,하레(캠핑),11,atk,3
하레,하레(캠핑),16,atk,4
하레,하레(캠핑),21,atk,1
하레,하레(캠핑),31,atk,1
하레,하레(캠핑),41,atk,2
하레,하레(캠핑),11,hp,55
하레,하레(캠핑),16,hp,66
하레,하레(캠핑),21,hp,11
하레,하레(캠핑),31,hp,16
하레,하레(캠핑),41,hp,27
하루나,하루나,2,atk,4
하루나,하루나,6,atk,6
하루나,하루나,11,atk,7
하루나,하루나,16,atk,9
하루나,하루나,21,atk,2
하루나,하루나,31,atk,4
하루나,하루나,41,atk,6
하루나,하루나,11,hp,47
하루나,하루나,16,hp,57
하루나,하루나,21,hp,10
하루나,하루나,31,hp,15
하루나,하루나,41,hp,25
하루나,하루나(새해),2,atk,3
하루나,하루나(새해),6,atk,5
하루나,하루나(새해),11,atk,7
하루나,하루나(새해),16,atk,8
하루나,하루나(새해),21,atk,2
하루나,하루나(새해),31,atk,3
하루나,하루나(새해),41,atk,5
하루나,하루나(새해),11,hp,47
하루나,하루나(새해),16,hp,56
하루나,하루나(새해),21,hp,10
하루나,하루나(새해),31,hp,15
하루나,하루나(새해),41,hp,24
하루나,하루나(체육복),2,healing,8
하루나,하루나(체육복),6,healing,12
하루나,하루나(체육복),11,healing,16
하루나,하루나(체육복),16,healing,20
하루나,하루나(체육복),21,healing,5
하루나,하루나(체육복),31,healing,7
하루나,하루나(체육복),41,healing,12
하루나,하루나(체육복),11,atk,6
하루나,하루나(체육복),16,atk,7
하루나,하루나(체육복),21,atk,1
하루나,하루나(체육복),31,atk,2
하루나,하루나(체육복),41,atk,3
하루카,하루카,2,atk,1
하루카,하루카,6,atk,2
하루카,하루카,11,atk,2
하루카,하루카,16,atk,3
하루카,하루카,21,atk,1
하루카,하루카,31,atk,1
하루카,하루카,41,atk,2
하루카,하루카,11,hp,127
하루카,하루카,16,hp,152
하루카,하루카,21,hp,27
하루카,하루카,31,hp,40
하루카,하루카,41,hp,66
하루카,하루카(새해),2,atk,2
하루카,하루카(새해),6,atk,3
하루카,하루카(새해),11,atk,4
하루카,하루카(새해),16,atk,5
하루카,하루카(새해),21,atk,1
하루카,하루카(새해),31,atk,2
하루카,하루카(새해),41,atk,3
하루카,하루카(새해),11,hp,38
하루카,하루카(새해),16,hp,45
하루카,하루카(새해),21,hp,8
하루카,하루카(새해),31,hp,12
하루카,하루카(새해),41,hp,20
하스미,하스미,2,atk,3
하스미,하스미,6,atk,5
하스미,하스미,11,atk,7
하스미,하스미,16,atk,9
하스미,하스미,21,atk,2
하스미,하스미,31,atk,3
하스미,하스미,41,atk,6
하스미,하스미,11,hp,49
하스미,하스미,16,hp,59
하스미,하스미,21,hp,10
하스미,하스미,31,hp,15
하스미,하스미,41,hp,26
하스미,하스미(수영복),2,atk,4
하스미,하스미(수영복),6,atk,5
하스미,하스미(수영복),11,atk,7
하스미,하스미(수영복),16,atk,9
하스미,하스미(수영복),21,atk,2
하스미,하스미(수영복),31,atk,3
하스미,하스미(수영복),41,atk,5
하스미,하스미(수영복),11,hp,46
하스미,하스미(수영복),16,hp,56
하스미,하스미(수영복),21,hp,9
하스미,하스미(수영복),31,hp,14
하스미,하스미(수영복),41,hp,23
하스미,하스미(체육복),2,atk,3
하스미,하스미(체육복),6,atk,5
하스미,하스미(체육복),11,atk,6
하스미,하스미(체육복),16,atk,8
하스미,하스미(체육복),21,atk,2
하스미,하스미(체육복),31,atk,3
하스미,하스미(체육복),41,atk,5
하스미,하스미(체육복),11,hp,42
하스미,하스미(체육복),16,hp,51
하스미,하스미(체육복),21,hp,9
하스미,하스미(체육복),31,hp,13
하스미,하스미(체육복),41,hp,22
호시노,호시노,2,def,1
호시노,호시노,6,def,2
호시노,호시노,11,def,2
호시노,호시노,16,def,3
호시노,호시노,21,def,1
호시노,호시노,31,def,1
호시노,호시노,41,def,2
호시노,호시노,11,hp,122
호시노,호시노,16,hp,147
호시노,호시노,21,hp,26
호시노,호시노,31,hp,38
호시노,호시노,41,hp,64
호시노,호시노(무장),2,atk,2
호시노,호시노(무장),6,atk,3
호시노,호시노(무장),11,atk,4
호시노,호시노(무장),16,atk,5
호시노,호시노(무장),21,atk,1
호시노,호시노(무장),31,atk,2
호시노,호시노(무장),41,atk,3
호시노,호시노(무장),11,hp,83
호시노,호시노(무장),16,hp,100
호시노,호시노(무장),21,hp,16
호시노,호시노(무장),31,hp,25
호시노,호시노(무장),41,hp,41
호시노,호시노(수영복),2,atk,2
호시노,호시노(수영복),6,atk,3
호시노,호시노(수영복),11,atk,4
호시노,호시노(수영복),16,atk,5
호시노,호시노(수영복),21,atk,1
호시노,호시노(수영복),31,atk,2
호시노,호시노(수영복),41,atk,3
호시노,호시노(수영복),11,def,83
호시노,호시노(수영복),16,def,2
호시노,호시노(수영복),21,def,2
호시노,호시노(수영복),31,def,1
호시노,호시노(수영복),41,def,1
후부키,후부키,2,atk,2
후부키,후부키,6,atk,4
후부키,후부키,11,atk,5
후부키,후부키,16,atk,6
후부키,후부키,21,atk,2
후부키,후부키,31,atk,2
후부키,후부키,41,atk,4
후부키,후부키,11,hp,48
후부키,후부키,16,hp,58
후부키,후부키,21,hp,10
후부키,후부키,31,hp,15
후부키,후부키,41,hp,25
후부키,후부키(수영복),2,atk,3
후부키,후부키(수영복),6,atk,5
후부키,후부키(수영복),11,atk,6
후부키,후부키(수영복),16,atk,8
후부키,후부키(수영복),21,atk,2
후부키,후부키(수영복),31,atk,3
후부키,후부키(수영복),41,atk,5
후부키,후부키(수영복),11,hp,37
후부키,후부키(수영복),16,hp,44
후부키,후부키(수영복),21,hp,7
후부키,후부키(수영복),31,hp,11
후부키,후부키(수영복),41,hp,18
후우카,후우카,2,healing,7
후우카,후우카,6,healing,11
후우카,후우카,11,healing,14
후우카,후우카,16,healing,18
후우카,후우카,21,healing,5
후우카,후우카,31,healing,7
후우카,후우카,41,healing,12
후우카,후우카,11,hp,48
후우카,후우카,16,hp,57
후우카,후우카,21,hp,10
후우카,후우카,31,hp,15
후우카,후우카,41,hp,25
후우카,후우카(새해),2,healing,5
후우카,후우카(새해),6,healing,8
후우카,후우카(새해),11,healing,10
후우카,후우카(새해),16,healing,13
후우카,후우카(새해),21,healing,3
후우카,후우카(새해),31,healing,5
후우카,후우카(새해),41,healing,8
후우카,후우카(새해),11,atk,6
후우카,후우카(새해),16,atk,7
후우카,후우카(새해),21,atk,1
후우카,후우카(새해),31,atk,2
후우카,후우카(새해),41,atk,3
히나,히나,2,atk,3
히나,히나,6,atk,4
히나,히나,11,atk,5
히나,히나,16,atk,6
히나,히나,21,atk,2
히나,히나,31,atk,2
히나,히나,41,atk,4
히나,히나,11,hp,49
히나,히나,16,hp,59
히나,히나,21,hp,10
히나,히나,31,hp,15
히나,히나,41,hp,26
히나,히나(드레스),2,atk,3
히나,히나(드레스),6,atk,5
히나,히나(드레스),11,atk,7
히나,히나(드레스),16,atk,9
히나,히나(드레스),21,atk,2
히나,히나(드레스),31,atk,3
히나,히나(드레스),41,atk,5
히나,히나(드레스),11,hp,43
히나,히나(드레스),16,hp,51
히나,히나(드레스),21,hp,8
히나,히나(드레스),31,hp,13
히나,히나(드레스),41,hp,21
히나,히나(수영복),2,atk,3
히나,히나(수영복),6,atk,5
히나,히나(수영복),11,atk,6
히나,히나(수영복),16,atk,8
히나,히나(수영복),21,atk,2
히나,히나(수영복),31,atk,3
히나,히나(수영복),41,atk,5
히나,히나(수영복),11,hp,48
히나,히나(수영복),16,hp,57
히나,히나(수영복),21,hp,10
히나,히나(수영복),31,hp,15
히나,히나(수영복),41,hp,25
히나타,히나타,2,atk,2
히나타,히나타,6,atk,3
히나타,히나타,11,atk,3
히나타,히나타,16,atk,4
히나타,히나타,21,atk,1
히나타,히나타,31,atk,2
히나타,히나타,41,atk,3
히나타,히나타,11,hp,55
히나타,히나타,16,hp,66
히나타,히나타,21,hp,12
히나타,히나타,31,hp,17
히나타,히나타,41,hp,29
히나타,히나타(수영복),2,atk,3
히나타,히나타(수영복),6,atk,5
히나타,히나타(수영복),11,atk,6
히나타,히나타(수영복),16,atk,8
히나타,히나타(수영복),21,atk,2
히나타,히나타(수영복),31,atk,3
히나타,히나타(수영복),41,atk,5
히나타,히나타(수영복),11,hp,37
히나타,히나타(수영복),16,hp,45
히나타,히나타(수영복),21,hp,7
히나타,히나타(수영복),31,hp,11
히나타,히나타(수영복),41,hp,18
히마리,히마리,2,atk,2
히마리,히마리,6,atk,4
히마리,히마리,11,atk,5
히마리,히마리,16,atk,6
히마리,히마리,21,atk,2
히마리,히마리,31,atk,2
히마리,히마리,41,atk,4
히마리,히마리,11,hp,56
히마리,히마리,16,hp,67
히마리,히마리,21,hp,12
히마리,히마리,31,hp,18
히마리,히마리,41,hp,29
히마리,히마리(무장),2,hp,21
히마리,히마리(무장),6,hp,32
히마리,히마리(무장),11,hp,42
히마리,히마리(무장),16,hp,53
히마리,히마리(무장),21,hp,13
히마리,히마리(무장),31,hp,19
히마리,히마리(무장),41,hp,32
히마리,히마리(무장),11,healing,13
히마리,히마리(무장),16,healing,16
히마리,히마리(무장),21,healing,3
히마리,히마리(무장),31,healing,4
히마리,히마리(무장),41,healing,6
히비키,히비키,2,atk,2
히비키,히비키,6,atk,4
히비키,히비키,11,atk,5
히비키,히비키,16,atk,6
히비키,히비키,21,atk,2
히비키,히비키,31,atk,2
히비키,히비키,41,atk,4
히비키,히비키,11,hp,42
히비키,히비키,16,hp,50
히비키,히비키,21,hp,9
히비키,히비키,31,hp,13
히비키,히비키,41,hp,22
히비키,히비키(응원단),2,atk,7
히비키,히비키(응원단),6,atk,10
히비키,히비키(응원단),11,atk,13
히비키,히비키(응원단),16,atk,16
히비키,히비키(응원단),21,atk,4
히비키,히비키(응원단),31,atk,6
히비키,히비키(응원단),41,atk,11
히비키,히비키(응원단),11,hp,40
히비키,히비키(응원단),16,hp,49
히비키,히비키(응원단),21,hp,8
히비키,히비키(응원단),31,hp,13
히비키,히비키(응원단),41,hp,21
히요리,히요리,2,atk,2
히요리,히요리,6,atk,3
히요리,히요리,11,atk,4
히요리,히요리,16,atk,5
히요리,히요리,21,atk,1
히요리,히요리,31,atk,2
히요리,히요리,41,atk,3
히요리,히요리,11,hp,40
히요리,히요리,16,hp,48
히요리,히요리,21,hp,8
히요리,히요리,31,hp,13
히요리,히요리,41,hp,21
히요리,히요리(수영복),2,atk,4
히요리,히요리(수영복),6,atk,6
히요리,히요리(수영복),11,atk,8
히요리,히요리(수영복),16,atk,10
히요리,히요리(수영복),21,atk,2
히요리,히요리(수영복),31,atk,4
히요리,히요리(수영복),41,atk,6
히요리,히요리(수영복),11,hp,48
히요리,히요리(수영복),16,hp,58
히요리,히요리(수영복),21,hp,10
히요리,히요리(수영복),31,hp,14
히요리,히요리(수영복),41,hp,24
히후미,히후미,2,atk,2
히후미,히후미,6,atk,3
히후미,히후미,11,atk,4
히후미,히후미,16,atk,5
히후미,히후미,21,atk,1
히후미,히후미,31,atk,2
히후미,히후미,41,atk,3
히후미,히후미,11,hp,57
히후미,히후미,16,hp,68
히후미,히후미,21,hp,12
히후미,히후미,31,hp,18
히후미,히후미,41,hp,30
히후미,히후미(수영복),2,atk,3
히후미,히후미(수영복),6,atk,4
히후미,히후미(수영복),11,atk,6
히후미,히후미(수영복),16,atk,7
히후미,히후미(수영복),21,atk,2
히후미,히후미(수영복),31,atk,3
히후미,히후미(수영복),41,atk,5
히후미,히후미(수영복),11,hp,40
히후미,히후미(수영복),16,hp,48
히후미,히후미(수영복),21,hp,8
히후미,히후미(수영복),31,hp,13
히후미,히후미(수영복),41,hp,21